S.No.,ISBN,Title,Author,Language,Price,Pages,AgeGrp,Cover_URL,Image_Path
1,9788123761671,A Baby Hornbill Learns to Fly,Dilip Kumar Barua,H/E,50,16p,6+,http://books.google.com/books/content?id=wg-MDwAAQBAJ&printsec=frontcover&img=1&zoom=1&edge=curl&source=gbs_api,image_0.png
2,9788123726663,A Baby Lion Learns to Roar,Indu Rana,H/E,65,24p,6+,,image_1.png
3,9788123746234,A Bond of Love,Pushpa Saxena,H/E,50,16p,8+,http://books.google.com/books/content?id=A43kEAAAQBAJ&printsec=frontcover&img=1&zoom=1&edge=curl&source=gbs_api,image_2.png
4,9788123735238,A Bride Inside a Casket and Other Tales,Manoj Das,H/E,75,96p,12+,,image_3.png
5,9788123702391,A Crow's Tale,Judhajit Sengupta,H/E,50,16p,Pre-School,http://books.google.com/books/content?id=l1vijgEACAAJ&printsec=frontcover&img=1&zoom=1&source=gbs_api,image_4.png
6,9788123742366,A Friend Forever,Aindrila Mitra,H/E,65,24p,6+,http://books.google.com/books/content?id=6Pc4EAAAQBAJ&printsec=frontcover&img=1&zoom=1&edge=curl&source=gbs_api,image_5.png
7,9788123747101,A Happy Sunday,Debasish Deb,H/E,55,20p,6+,http://books.google.com/books/content?id=Wa6p0AEACAAJ&printsec=frontcover&img=1&zoom=1&source=gbs_api,image_6.png
8,9788123766836,A Helping Hand,Samaresh Chatterjee,H/E,50,16p,6+,http://books.google.com/books/content?id=dRaaEAAAQBAJ&printsec=frontcover&img=1&zoom=1&edge=curl&source=gbs_api,image_7.png
9,9788123761343,A House of Bamboo,Debasish Deb,H/E,50,16p,6+,,image_8.png
10,9788123767482,A House with a Terrace,Tanuka Bhaumik,H/E,65,24p,8+,,image_9.png
11,9788123743110,A Journey,Jagdish Joshi,H/E,85,36p,8+,http://books.google.com/books/content?id=i0rh8wuNVRMC&printsec=frontcover&img=1&zoom=1&source=gbs_api,image_10.png
12,9788123700267,A Journey through the Universe,Jayant Narikar,H/E,45,64p,12+,http://books.google.com/books/content?id=m-0lDwAAQBAJ&printsec=frontcover&img=1&zoom=1&edge=curl&source=gbs_api,image_11.png
13,9788123725741,A Journey to Gaumukh,Sheila Sharma,H/E,50,64p,12+,http://books.google.com/books/content?id=g4MMAQAAMAAJ&printsec=frontcover&img=1&zoom=1&source=gbs_api,image_12.png
14,9788123787107,A Kite's Story,Sukanya Datta,H/E,185,106p,12+,http://books.google.com/books/content?id=MefYzQEACAAJ&printsec=frontcover&img=1&zoom=1&source=gbs_api,image_13.png
15,9788123780030,A Lesson from Grandma,Debashish Majumdar,H/E,50,16p,8+,http://books.google.com/books/content?id=0k4JzgEACAAJ&printsec=frontcover&img=1&zoom=1&source=gbs_api,image_14.png
16,9788123765969,A New Dawn,Baldev Singh,H/E,50,16p,8+,http://books.google.com/books/content?id=CrzyAAAAMAAJ&printsec=frontcover&img=1&zoom=1&source=gbs_api,image_15.png
17,9788123719306,A Parcel for the Postmaster,Dronvir Kohli,H/E,65,52p,10+,,image_16.png
18,9788123756257,A Real Giraffe,Deepa Agarwal,H/E,55,20p,6+,http://books.google.com/books/content?id=08ES0AEACAAJ&printsec=frontcover&img=1&zoom=1&source=gbs_api,image_17.png
19,9788123701691,A Story about Tea,Arup Kumar Dutta,H/E,50,64p,12+,http://books.google.com/books/content?id=gxCBfNmnvFEC&printsec=frontcover&img=1&zoom=1&edge=curl&source=gbs_api,image_18.png
20,9788123711010,A Story about water,Ravi Paranjape,H/E,50,16p,Pre-School,http://books.google.com/books/content?id=tEhjwj5O8NQC&printsec=frontcover&img=1&zoom=1&edge=curl&source=gbs_api,image_19.png
21,9788123767123,A Tale of Tails,Ramendra Kumar,H/E,80,24p,8+,http://books.google.com/books/content?id=zrxXAgAAQBAJ&printsec=frontcover&img=1&zoom=1&edge=curl&source=gbs_api,image_20.png
22,9788123725734,A Tale of Trouble,M C Gabriel,H/E,60,32p,6+,,image_21.png
23,9788123756240,A Tale of Two Dogs,Dipak Praharaj,H/E,55,20p,6+,http://books.google.com/books/content?id=sEpuDwAAQBAJ&printsec=frontcover&img=1&zoom=1&edge=curl&source=gbs_api,image_22.png
24,9789354911804,A Treacherous Beauty Contest,Minakshi Chaudhary,E,155,188p,12+,,image_23.png
25,9788123710730,A Trip to Heaven,Leelawati Bhagwat,H/E,50,64p,12+,,image_24.png
26,9788123772172,A Trip to the Mountains,Swapna Dutta,H/E,50,16p,8+,,image_25.png
27,9788123790312,A Visit to Kumbh,Anita Bhatnagar Jain,H/E,65,16p,8+,http://books.google.com/books/content?id=9YccAgAAQBAJ&printsec=frontcover&img=1&zoom=1&edge=curl&source=gbs_api,image_26.png
28,9788123720050,A Visit to the City Market,Manjula Padmanabhan,H/E,50,16p,Pre-School,http://books.google.com/books/content?id=XmNaBgAAQBAJ&printsec=frontcover&img=1&zoom=1&edge=curl&source=gbs_api,image_27.png
29,9788123711096,A Visit to the Zoo,Sanat Surti,H/E,50,16p,Pre-School,,image_28.png
30,9788123720043,A Voice in the Jungle,Jagdish Joshi,H/E,40,16p,Pre-School,,image_29.png
31,9788123765556,A Wet Summer Day,Ada Bhansali,H/E,155,162p,12+,,image_30.png
32,9788123758473,Adventure on Clee Island,Tanuka Bhaumik,H/E,130,60p,10+,,image_31.png
33,9788123725246,Adventure in the Desert,Cheryl Rao,H/E,65,72p,10+,http://books.google.com/books/content?id=n08BYAAACAAJ&printsec=frontcover&img=1&zoom=1&source=gbs_api,image_32.png
34,9788123708119,Adventure of a Wildlife Warden,E R C Davidar,H/E,55,68p,10+,http://books.google.com/books/content?id=wYBVMQAACAAJ&printsec=frontcover&img=1&zoom=1&source=gbs_api,image_33.png
35,9788123722696,Adventure of Dipu the Donkey,Vernon Thomas,H/E,55,64p,12+,,image_34.png
36,9788123748115,Adventure of Ghanada,Premendra Mitra,H/E,270,222p,12+,http://books.google.com/books/content?id=OH0hAAAAMAAJ&printsec=frontcover&img=1&zoom=1&source=gbs_api,image_35.png
37,9789354913105,Agony of the Cock and the Hen,Laxmi Narain Garg,H/E,70,20p,10+,http://books.google.com/books/content?id=e3X3DwAAQBAJ&printsec=frontcover&img=1&zoom=1&edge=curl&source=gbs_api,image_36.png
38,9788123729800,Alamelu's Appetite,Jaya Paramasivan,H/E,65,24p,8+,,image_37.png
39,9788123754741,All-time Stories for Children,Savithri Pandiyan,H/E,115,52p,10+,http://books.google.com/books/content?id=DP46xoC_XngC&printsec=frontcover&img=1&zoom=1&edge=curl&source=gbs_api,image_38.png
40,9789354910234,Amazing Octi,Viky Arya,H/E,80,20p,6+,,image_39.png
41,9788123798334,Ammu : The Oceanographer,Sacheendran Karadka,H/E,65,20p,6+,http://books.google.com/books/content?id=np6sKZe5khEC&printsec=frontcover&img=1&zoom=1&source=gbs_api,image_40.png
42,9788123763514,An Ancient Tale from Andaman,Anvita Abbi,H/E,50,16p,8+,,image_41.png
43,9788123742212,Anandi's Rainbow,Anup Ray,H/E,55,20p,6+,,image_42.png
44,9788123722900,Animal World,Aurobindo Kundu,H/E,40,16p,6+,http://books.google.com/books/content?id=W6iOswEACAAJ&printsec=frontcover&img=1&zoom=1&source=gbs_api,image_43.png
45,9788123749549,Animals You Can't Forget,Ruskin Bond,H/E,95,40p,10+,http://books.google.com/books/content?id=O4dUCBsVyhcC&printsec=frontcover&img=1&zoom=1&source=gbs_api,image_44.png
46,9789354916021,Aryanand and the Crown of Life,Werner Bandel,H/E,235,80p,12+,http://books.google.com/books/content?id=m8ZMDwAAQBAJ&printsec=frontcover&img=1&zoom=1&edge=curl&source=gbs_api,image_45.png
47,9788123701707,As They Saw India,K C Khanna,H/E,50,64p,12+,,image_46.png
48,9788123701585,Be Prepared ,Uma Anand,H/E,50,64p,12+,http://books.google.com/books/content?id=zbpTDwAAQBAJ&printsec=frontcover&img=1&zoom=1&edge=curl&source=gbs_api,image_47.png
49,9788123704883,Begum Gulabo Mousie and Her Balloons,Qudsia Zaidi,H/E,50,24p,8+,,image_48.png
50,9788123750934,Better than the Best,Ramendra Kumar,H/E,50,16p,8+,http://books.google.com/books/content?id=NepMBAAAQBAJ&printsec=frontcover&img=1&zoom=1&edge=curl&source=gbs_api,image_49.png
51,9788123766874,Bhakta Salbega,Rabindra Nath Sahu,H/E,50,16p,8+,http://books.google.com/books/content?id=GEQD0AEACAAJ&printsec=frontcover&img=1&zoom=1&source=gbs_api,image_50.png
52,9788123719085,Bholu and Golu,Pankaj Bisht,H/E,60,80p,12+,http://books.google.com/books/content?id=pEMnAgAAQBAJ&printsec=frontcover&img=1&zoom=1&edge=curl&source=gbs_api,image_51.png
53,9788123733975,Birds and Animals in Indian Art,Geetika Jain,H/E,80,24p,8+,http://books.google.com/books/content?id=10kgAAAAIAAJ&printsec=frontcover&img=1&zoom=1&source=gbs_api,image_52.png
54,9789354910319,Birds Laughing,Viky Arya,H/E,75,32p,6+,http://books.google.com/books/content?id=oV2kPhoox0gC&printsec=frontcover&img=1&zoom=1&edge=curl&source=gbs_api,image_53.png
55,9788123726236,Birju and the Flying Horse,Deepa Agarwal,H/E,40,16p,8+,,image_54.png
56,9788123753676,Birju's Problem,Soma Kaushik,H/E,55,20p,6+,http://books.google.com/books/content?id=C3wyBgAAQBAJ&printsec=frontcover&img=1&zoom=1&edge=curl&source=gbs_api,image_55.png
57,9788123713267,Books Forever,Manoj Das,H/E,50,64p,12+,http://books.google.com/books/content?id=nyqkVOIX-vAC&printsec=frontcover&img=1&zoom=1&edge=curl&source=gbs_api,image_56.png
58,9788123767066,Boond,Ramendra Kumar,H/E,80,24p,10+,,image_57.png
59,9788123739885,Bringing Up Chinu,Kalpana Gupta,H/E,85,32p,10+,http://books.google.com/books/content?id=MUsyEAAAQBAJ&printsec=frontcover&img=1&zoom=1&edge=curl&source=gbs_api,image_58.png
60,9788123756189,Babu-Bulbuli's Garden,Santanoo Tamuly,H/E,65,24p,6+,,image_59.png
61,9788123767499,Bukka Learns a Lesson,Dipanwita Roy,H/E,55,20p,8+,,image_60.png
62,9788123710792,Bullock-Carts and Saltellites,Monisha Bobb,H/E,65,64p,12+,http://books.google.com/books/content?id=w724AAAAIAAJ&printsec=frontcover&img=1&zoom=1&source=gbs_api,image_61.png
63,9788123768953,Busy Ants,Pulak Biswas,H/E,50,16p,Pre-School,http://books.google.com/books/content?id=WIMNZELgdWkC&printsec=frontcover&img=1&zoom=1&edge=curl&source=gbs_api,image_62.png
64,9788123793818,Can You Kiss Your Own Face?,Ramesh Bijlani,H/E,80,24p,6+,,image_63.png
65,9788123778648,Captain Manoj Kumar Pandey,Gourav C Sawant,H/E,80,30p,10+,http://books.google.com/books/content?id=1nm8EAAAQBAJ&printsec=frontcover&img=1&zoom=1&edge=curl&source=gbs_api,image_64.png
66,9788123719849,Celestial Hide and Seek: The Game of Eclipses,Nirupama Raghavan,H/E,110,72p,12+,,image_65.png
67,9789354912221,Chandernagor-A Burg on the Moon,Suddhasattwa Basu,H/E,100,32p,12+,,image_66.png
68,9788123723907,Cheerful Siprits,Gita Iyengar,H/E,70,40p,12+,,image_67.png
69,9788123766775,Chika-Chik-Chik!,Jeyanthi Manokaran,H/E,65,20p,8+,http://books.google.com/books/content?id=Y3b31A4lYWgC&printsec=frontcover&img=1&zoom=1&edge=curl&source=gbs_api,image_68.png
70,97881237870221,Children Who Made it Big,Tahangamani,H/E,90,122p,12+,,image_69.png
71,9788123757087,Choogh the Squirrel,Bittie Mithal,H/E,80,32p,8+,,image_70.png
72,9788123765075,Chotu's Misadventures,Kumkum Somani,H/E,65,24p,8+,,image_71.png
73,9788123740942,Chunmun Finds Freedom,Kamlesh Mohindra,H/E,50,16p,8+,http://books.google.com/books/content?id=8yruCwAAQBAJ&printsec=frontcover&img=1&zoom=1&edge=curl&source=gbs_api,image_72.png
74,9788123758701,Clever Mouse,Shaukat Shan,H/E,80,38p,8+,http://books.google.com/books/content?id=bHsfvgAACAAJ&printsec=frontcover&img=1&zoom=1&source=gbs_api,image_73.png
75,9788123767147,"Colour: The Language of Contrasts, Accords and Unity",Ravi Paranjape,H/E,80,23p,10+,http://books.google.com/books/content?id=iCcYe3gsOzEC&printsec=frontcover&img=1&zoom=1&edge=curl&source=gbs_api,image_74.png
76,9788123763415,Colour Me Says Delhi: Colouring Book of Rhymes,Shashi Shetye,H/E,40,16p,8+,http://books.google.com/books/content?id=O3csAAAAYAAJ&printsec=frontcover&img=1&zoom=1&source=gbs_api,image_75.png
77,9788123778662,Company Quarter Master Havildar Abdul Hamid,Gourav C Sawant,H/E,40,16p,10+,http://books.google.com/books/content?id=rgEWBAAAQBAJ&printsec=frontcover&img=1&zoom=1&edge=curl&source=gbs_api,image_76.png
78,9788123723419,Dear Father,Bhabendranath Saikia,H/E,75,112p,12+,,image_77.png
79,9788123734576,Dear Popat,Madhu Limaye,H/E,13,32p,10+,http://books.google.com/books/content?id=ZUsrWwkivycC&printsec=frontcover&img=1&zoom=1&edge=curl&source=gbs_api,image_78.png
80,9788123703275,Discover India through Mazes and Games,Viky Arya,H/E,45,28p,10+,http://books.google.com/books/content?id=ha3uzgEACAAJ&printsec=frontcover&img=1&zoom=1&source=gbs_api,image_79.png
81,9788123722917,Diwali,Ravi Paranjape,H/E,35,12p,Pre-School,http://books.google.com/books/content?id=RERXDwAAQBAJ&printsec=frontcover&img=1&zoom=1&edge=curl&source=gbs_api,image_80.png
82,9788123758084,Dragon Tsunami,Hema Pande,H/E,180,72p,8+,,image_81.png
83,9788123701547,Ek-Kori's Dream,Mahasveta Devi,H/E,60,64p,12+,,image_82.png
84,9788123734156,Escapades of a Clone,Mohan Sundara Rajan,H/E,60,48p,10+,,image_83.png
85,9788123701714,Etoa Munda Won the Battle,Mahasveta Devi,H/E,50,64p,12+,,image_84.png
86,9788123715278,Everest: My Journey to the Top,Bachendri Pal,H/E,50,64p,12+,,image_85.png
87,9788123725703,Festival of Colours,Madhu Powle,H/E,40,16p,Pre-School,http://books.google.com/books/content?id=NHENEAAAQBAJ&printsec=frontcover&img=1&zoom=1&edge=curl&source=gbs_api,image_86.png
88,9788123725925,Festival of Eid,Premchand,H/E,45,32P,8+,,image_87.png
89,9788123722481,Festival of India,-,H/E,90,92P,12+,http://books.google.com/books/content?id=rSATAQAAIAAJ&printsec=frontcover&img=1&zoom=1&source=gbs_api,image_88.png
90,9788123711157,Find the Half Circles,Badri Narayan,H/E,40,16p,Pre-School,,image_89.png
91,9788123768823,Five Friends,shireen Rizvi,H/E,75,24p,10+,http://books.google.com/books/content?id=cAIIq_SO-fcC&printsec=frontcover&img=1&zoom=1&edge=curl&source=gbs_api,image_90.png
92,9788123752112,Five Stories from Guru Gobind Singh's Life,Pritam Singh,H/E,50,84p,12+,http://books.google.com/books/content?id=6Vo7DwAAQBAJ&printsec=frontcover&img=1&zoom=1&edge=curl&source=gbs_api,image_91.png
93,9788123767109,Flitter-Flutter,Jeyanthi Manokaran,H/E,80,20p,Pre-School,http://books.google.com/books/content?id=nzR8DwAAQBAJ&printsec=frontcover&img=1&zoom=1&edge=curl&source=gbs_api,image_92.png
94,9788123715162,Flowers and I,Manorama Jafa,H/E,50,24p,6+,http://books.google.com/books/content?id=jrZuDwAAQBAJ&printsec=frontcover&img=1&zoom=1&edge=curl&source=gbs_api,image_93.png
95,9788123763361,Fly High in the Sky,ICLC,H/E,65,24p,8+,,image_94.png
96,9788123767208,Forever Friends,Ankeet Bhattacharjee,H/E,60,16p,6+,http://books.google.com/books/content?id=6Pc4EAAAQBAJ&printsec=frontcover&img=1&zoom=1&edge=curl&source=gbs_api,image_95.png
97,9788123755236,Friend,Pracheta Gupta,H/E,45,16p,6+,http://books.google.com/books/content?id=SoonDwAAQBAJ&printsec=frontcover&img=1&zoom=1&edge=curl&source=gbs_api,image_96.png
98,9788123754932,Friends ot the Green Forest,Bimalendra Chakraborty,H/E,50,16p,6+,,image_97.png
99,9788123708577,Frogs and a Snake,Ganesh Haloi,H/E,40,16p,6+,,image_98.png
100,9788123726656,From Bone to Stone,Karen Haydock,H/E,90,28p,12+,,image_99.png
101,9788123759487,From Coins to Credit Cards,K V Singh,H/E,200,92p,12+,,image_100.png
102,9788123742021,From Land to Sea,Vinita Singhal,H/E,90,36p,10+,,image_101.png
103,9788123748832,From Pumpkins to Pickles,Sunila Gupte,H/E,140,64p,10+,,image_102.png
104,9788123750927,Fu-Ku: An Alien,Jagdish Joshi,H/E,60,24p,6+,,image_103.png
105,9788123767017,Fun with Metro,Pankaj Chaturvedi,H/E,50,16p,6+,http://books.google.com/books/content?id=jNfExGPyL7sC&printsec=frontcover&img=1&zoom=1&edge=curl&source=gbs_api,image_104.png
106,9788123710815,Gautama Buddha,Leela George,H/E,50,64p,12+,http://books.google.com/books/content?id=iN1mN9l4mjIC&printsec=frontcover&img=1&zoom=1&edge=curl&source=gbs_api,image_105.png
107,9788123724881,Gay-Neck: The Story of a Pigeon,Dhan Gopal Mukerji,H/E,80,148p,12+,http://books.google.com/books/content?id=75R_EAAAQBAJ&printsec=frontcover&img=1&zoom=1&edge=curl&source=gbs_api,image_106.png
108,9788123778938,Goa-A Story of My Wonderland,Shashi Shetye,H/E,85,28p,8+,http://books.google.com/books/content?id=dhtuAAAAMAAJ&printsec=frontcover&img=1&zoom=1&source=gbs_api,image_107.png
109,9788123751597,Good Friends: A Tale from Tanzania,John kilaka,H/E,60,24p,6+,,image_108.png
110,9788123743387,Govind Ballabh Pant,Himanshu Joshi,H/E,40,71p,10+,http://books.google.com/books/content?id=MiduAAAAMAAJ&printsec=frontcover&img=1&zoom=1&source=gbs_api,image_109.png
111,9788123761961,Granny's Day Out,Debashish Majumdar,H/E,50,16p,8+,,image_110.png
112,9788123767017,Greet When You Meet,Shyamala S,H/E,50,16p,Pre-School,http://books.google.com/books/content?id=NNLEtAEACAAJ&printsec=frontcover&img=1&zoom=1&source=gbs_api,image_111.png
113,9788123797632,Grow with Yoga,Acharya Balkrishna,H/E,240,128p,12+,http://books.google.com/books/content?id=yvc_EAAAQBAJ&printsec=frontcover&img=1&zoom=1&edge=curl&source=gbs_api,image_112.png
114,9788123754642,Growing up with Trees,Ruskin Bond,H/E,140,64p,12+,,image_113.png
115,9788123755502,Hanged for their Patriotism,R K Tandon,H/E,215,104p,12+,,image_114.png
116,9788123765266,Happy 100th Birthday Delhi,Shashi Shetye,H/E,30,16p,8+,http://books.google.com/books/content?id=sHnYrO1m6I4C&printsec=frontcover&img=1&zoom=1&source=gbs_api,image_115.png
117,9788123778396,Heroes Do Not Grow on Trees,Sudha Puri,H/E,65,24p,8+,http://books.google.com/books/content?id=dE6fzgEACAAJ&printsec=frontcover&img=1&zoom=1&source=gbs_api,image_116.png
118,9788123765259,Holiday…Oh No No…,Jaswinder kaur Bindra,H/E,50,16p,6+,http://books.google.com/books/content?id=KP6SEAAAQBAJ&printsec=frontcover&img=1&zoom=1&source=gbs_api,image_117.png
119,9788123756196,Holidays Have Come,Rabindranath Tagore,H/E,50,16p,10+,,image_118.png
120,9788123701523,Home-Coming,Lila Majumdar,H/E,50,64p,12+,http://books.google.com/books/content?id=nSH1ANsAcJ8C&printsec=frontcover&img=1&zoom=1&edge=curl&source=gbs_api,image_119.png
121,9788123725833,Homes,-,H/E,40,16p,Pre-School,http://books.google.com/books/content?id=HTXiwQEACAAJ&printsec=frontcover&img=1&zoom=1&source=gbs_api,image_120.png
122,9788123724706,How Books Are Made,Samuel Isreal,H/E,50,64p,12+,http://books.google.com/books/content?id=hyqFPZc7t9EC&printsec=frontcover&img=1&zoom=1&source=gbs_api,image_121.png
123,9788123773711,How Do They Evolve?,Karen Haydock,H/E,195,52p,8+,http://books.google.com/books/content?id=vFwXAwAAQBAJ&printsec=frontcover&img=1&zoom=1&edge=curl&source=gbs_api,image_122.png
124,9788123711058,How India Won Her Freedom,Krishna Chaitanya,H/E,65,36p,8+,,image_123.png
125,9788123701530,How Munia Found Gold,Jagdish Joshi,H/E,100,32p,6+,,image_124.png
126,9788123701660,Hsuan Tasng's Journey to India,Belinder,H/E,45,64p,12+,,image_125.png
127,9788123710983,I am Better than You,Sigrun Srivastava,H/E,50,24p,8+,,image_126.png
128,9788123701738,I Like the World,Jeyanthi Manokaran,H/E,40,16p,Pre-School,http://books.google.com/books/content?id=-vOgEAAAQBAJ&printsec=frontcover&img=1&zoom=1&edge=curl&source=gbs_api,image_127.png
129,9788123710945,India's Young Heroes,Sigrun Srivastava,H/E,45,64p,12+,http://books.google.com/books/content?id=p5OpEAAAQBAJ&printsec=frontcover&img=1&zoom=1&edge=curl&source=gbs_api,image_128.png
130,9788123722702,Inventions that Changed the Would - I,Mir Najabat Ali,H/E,50,64p,12+,http://books.google.com/books/content?id=nVGgOQAACAAJ&printsec=frontcover&img=1&zoom=1&source=gbs_api,image_129.png
131,9788123720449,Inventions that Changed the Would - II,Mir Najabat Ali,H/E,40,64p,12+,http://books.google.com/books/content?id=YnpmDwAAQBAJ&printsec=frontcover&img=1&zoom=1&edge=curl&source=gbs_api,image_130.png
132,9789354918662,Ison's Journey,Idris Siddiqui,H/E,40,16p,8+,http://books.google.com/books/content?id=d5_zBgAAQBAJ&printsec=frontcover&img=1&zoom=1&edge=curl&source=gbs_api,image_131.png
133,9788123709012,Jallianwala Bagh,Bhisham Sahni,H/E,40,56p,12+,http://books.google.com/books/content?id=D0SCDwAAQBAJ&printsec=frontcover&img=1&zoom=1&edge=curl&source=gbs_api,image_132.png
134,9788123701608,Jawaharlal Nehru,Tara Ali Baig,H/E,70,64p,10+,http://books.google.com/books/content?id=0us3TambWogC&printsec=frontcover&img=1&zoom=1&edge=curl&source=gbs_api,image_133.png
135,9788123767185,Jiro Mithe: A Tale From Great Andaman,Anvita Abbi,H/E,45,16p,10+,,image_134.png
136,9788123756288,Joy in the Jungle,Santanoo Tamuly,H/E,65,24p,6+,http://books.google.com/books/content?id=tRjem_5mebYC&printsec=frontcover&img=1&zoom=1&edge=curl&source=gbs_api,image_135.png
137,9788123781693,Jujurna: The King of Birds,Anita Chauhan,H/E,120,36p,10+,,image_136.png
138,9788123772189,Kavya Makes Up Her Mind,Ramesh Bijlani,H/E,80,32p,10+,,image_137.png
139,9788123777221,Khoka,Moupia Basu,H/E,105,156p,12+,,image_138.png
140,9788123792729,Lakhan's Story,Amrita Dasgupta,H/E,45,16p,8+,http://books.google.com/books/content?id=KzX0t3cqY7UC&printsec=frontcover&img=1&zoom=1&edge=curl&source=gbs_api,image_139.png
141,9788123755533,Lachu,Leela J Lopez,H/E,145,84p,12+,,image_140.png
142,9788123708591,Lalu and the Red Kite,Ashish Sengupta,H/E,40,16p,6+,,image_141.png
143,9788123791401,Legend of the Goden Valley,Manoj Das,H/E,90,92p,12+,http://books.google.com/books/content?id=qM7TmZBmyzIC&printsec=frontcover&img=1&zoom=1&edge=curl&source=gbs_api,image_142.png
144,9788123729916,Let's Do a Play,Uma Anand,H/E,50,64p,12+,http://books.google.com/books/content?id=PWjAPAAACAAJ&printsec=frontcover&img=1&zoom=1&source=gbs_api,image_143.png
145,9788123739830,Lines and Colours: Discovering Indian Art,Ella Datta,H/E,115,84p,12+,,image_144.png
146,9788123770079,Little Chopin,Michal Rusinek,H/E,235,36p,10+,,image_145.png
147,9788123770451,Little Elephant Throws a Party,Meenakshi,H/E,55,20p,6+,http://books.google.com/books/content?id=jaPGoAEACAAJ&printsec=frontcover&img=1&zoom=1&source=gbs_api,image_146.png
148,9788123701745,Little Old Women,Margarat Bhatty,H/E,60,32p,8+,,image_147.png
149,9788123760230,Little Sunshine,Jaswant Singh Birdi,H/E,50,16p,8+,http://books.google.com/books/content?id=jSyCRs4GiLQC&printsec=frontcover&img=1&zoom=1&edge=curl&source=gbs_api,image_148.png
150,9788123768854,Little Wonders,Laxmi Khanna,H/E,95,147p,12+,http://books.google.com/books/content?id=XbSdDwAAQBAJ&printsec=frontcover&img=1&zoom=1&edge=curl&source=gbs_api,image_149.png
151,9788123721453,Lizards ,Indraneil Das,H/E,25,32p,12+,http://books.google.com/books/content?id=HAb5DwAAQBAJ&printsec=frontcover&img=1&zoom=1&edge=curl&source=gbs_api,image_150.png
152,9788123767161,Long ans Shot: Big and Small,Pulak Biswas,H/E,70,24p,Pre-School,,image_151.png
153,9788123763378,Lost and Found,ICLC,H/E,65,24p,8+,http://books.google.com/books/content?id=5pnpAgAAQBAJ&printsec=frontcover&img=1&zoom=1&edge=curl&source=gbs_api,image_152.png
154,9788123720142,Mad Mango,A N Pednekar,H/E,45,32p,8+,,image_153.png
155,9788123714998,Madam Rides the Bus,Vallikannan,H/E,45,32p,8+,http://books.google.com/books/content?id=h6z4oAEACAAJ&printsec=frontcover&img=1&zoom=1&source=gbs_api,image_154.png
156,9788123720234,Maharaja Ranjit Singh,Pritam Singh,H/E,45,32p,8+,http://books.google.com/books/content?id=Dnx_AwAAQBAJ&printsec=frontcover&img=1&zoom=1&edge=curl&source=gbs_api,image_155.png
157,9788123778679,Major Shaitan Singh,Gourav C Sawant,H/E,65,22p,10+,http://books.google.com/books/content?id=fyVTEAAAQBAJ&printsec=frontcover&img=1&zoom=1&edge=curl&source=gbs_api,image_156.png
158,9788123778655,Major Somnath Sharma,Gourav C Sawant,H/E,65,22p,10+,,image_157.png
159,9788123716961,Mama Moo On a Swing,Jujja & Tomas,H/E,25,24p,8+,,image_158.png
160,9788123703107,Mangu's Top,Kamakshi Balasubramanian,H/E,50,24p,6+,http://books.google.com/books/content?id=j9rgAAAAMAAJ&printsec=frontcover&img=1&zoom=1&source=gbs_api,image_159.png
161,9788123725796,Matsya,Shanta Rameshwar Rao,H/E,45,32p,6+,,image_160.png
162,9788123761664,Mini Visits the Atlantic Ocean,Herminder Ohri,H/E,50,12p,8+,,image_161.png
163,9788123739809,Mir Space Station,Violet,H/E,115,104p,12+,http://books.google.com/books/content?id=TJhTAAAAMAAJ&printsec=frontcover&img=1&zoom=1&source=gbs_api,image_162.png
164,9788123719450,Mitha and Her Magic Shoes,B G Gujjarappa,H/E,50,16p,6+,,image_163.png
165,9788123701646,Mohini and the Demon,Shanta Rameshwar Rao,H/E,45,32p,8+,,image_164.png
166,9788123765952,Mongoose Become King,Baldev Singh,H/E,65,24p,8+,http://books.google.com/books/content?id=RTpmZxwCa04C&printsec=frontcover&img=1&zoom=1&edge=curl&source=gbs_api,image_165.png
167,9788123711119,Mora,Mulk Raj Anand,H/E,55,40p,8+,http://books.google.com/books/content?id=rFA0AQAAMAAJ&printsec=frontcover&img=1&zoom=1&edge=curl&source=gbs_api,image_166.png
168,9788123781512,Mottainai Grandma,Mariko Shinju,H/E,100,30p,6+,,image_167.png
169,9789354910395,Muffin: My Campanion,Yathesht Pratiraj,H/E,60,80p,12+,http://books.google.com/books/content?id=ejBxEAAAQBAJ&printsec=frontcover&img=1&zoom=1&edge=curl&source=gbs_api,image_168.png
170,9788123780290,Music of the Hills,Ranjitha Biswas,H/E,80,24p,10+,,image_169.png
171,9788123701639,Muthu's Dreams,Kamakshi Balasubramanian,H/E,60,32p,6+,,image_170.png
172,9788123766997,My First Aeroplane Journey,Pankaj Chaturvedi,H/E,65,22p,6+,http://books.google.com/books/content?id=ZkJe1NMb7YoC&printsec=frontcover&img=1&zoom=1&edge=curl&source=gbs_api,image_171.png
173,9788123711065,My First Railway Journey,Mirnal Mitra,H/E,35,16p,Pre-School,,image_172.png
174,9788123719436,My Journey to the Magnetic North Pole,Preety Sengupta,H/E,45,56p,12+,,image_173.png
175,9788123723334,My Life: The Tale of a Butterfly,Anjana Sarkar,H/E,50,16p,6+,,image_174.png
176,9788123724690,My Robot Robbi,Dilip M Salwi,H/E,55,40p,12+,,image_175.png
177,9788123773834,My Umma's Sari,Geeta Dharmarajan,H/E,115,52p,6+,,image_176.png
178,9788123739786,Mysteries of the Past: Archaeological Sites in India,Upinder Singh,H/E,85,96p,12+,,image_177.png
179,9788123711126,Name that Animal,Niranjan Ghoshal,H/E,50,16p,Pre-School,http://books.google.com/books/content?id=3_mvxAEACAAJ&printsec=frontcover&img=1&zoom=1&source=gbs_api,image_178.png
180,9788123758077,Native American Folk Tales,Usha Iyengar,H/E,130,59p,12+,http://books.google.com/books/content?id=fA3RWv8jQqwC&printsec=frontcover&img=1&zoom=1&edge=curl&source=gbs_api,image_179.png
181,9788123769332,Nature's Gift,Utpal Talukdar,H/E,70,28p,6+,,image_180.png
182,9788123761053,Nawab Rangile,Aabid Surit,H/E,55,16p,6+,,image_181.png
183,9788123766812,Neelu and Peelu,Viky Arya,H/E,55,16p,6+,http://books.google.com/books/content?id=i1_VV9fUcOYC&printsec=frontcover&img=1&zoom=1&edge=curl&source=gbs_api,image_182.png
184,9788123756356,Neem Baba,S I Farooqi,H/E,60,24p,8+,http://books.google.com/books/content?id=ijM7EAAAQBAJ&printsec=frontcover&img=1&zoom=1&edge=curl&source=gbs_api,image_183.png
185,9788123740928,"Neha, My Sister",Madhu B Joshi,H/E,45,16p,8+,http://books.google.com/books/content?id=x1dDEAAAQBAJ&printsec=frontcover&img=1&zoom=1&edge=curl&source=gbs_api,image_184.png
186,9789357436588,New Friends,Meenakshi,H/E,90,28p,8+,http://books.google.com/books/content?id=8w_ZmQp-j3QC&printsec=frontcover&img=1&zoom=1&source=gbs_api,image_185.png
187,9788123743523,Nine Little Birds,N T Rajeev,H/E,55,20p,6+,,image_186.png
188,9789354916274,No Stopping,Sitesh Alok,H/E,65,24p,8+,http://books.google.com/books/content?id=2mh3EAAAQBAJ&printsec=frontcover&img=1&zoom=1&edge=curl&source=gbs_api,image_187.png
189,9788123774138,Nomads of India,Shyam Singh Shashi,H/E,50,64p,10+,http://books.google.com/books/content?id=rP-1AAAAIAAJ&printsec=frontcover&img=1&zoom=1&source=gbs_api,image_188.png
190,9788123754215,Nona and the Rain,Prija Nagarajan,H/E,65,22p,6+,,image_189.png
191,9788123791043,Not Fooled by Furphies,Leena Gurg,H/E,30,40p,10+,,image_190.png
192,9789357430423,Notes of the Flute,Meenakshee Swami,H/E,55,15p,8+,http://books.google.com/books/content?id=qb-0DwAAQBAJ&printsec=frontcover&img=1&zoom=1&edge=curl&source=gbs_api,image_191.png
193,9789354911729,Nritya Katha: Indian Dance Stories for Children,Jaya Mehta,H/E,225,76p,12+,http://books.google.com/books/content?id=gtuSDwAAQBAJ&printsec=frontcover&img=1&zoom=1&edge=curl&source=gbs_api,image_192.png
194,9788123720463,Once in a Village…,H C Madan,H/E,50,24p,8+,http://books.google.com/books/content?id=kfdLAAAAYAAJ&printsec=frontcover&img=1&zoom=1&source=gbs_api,image_193.png
195,9788123754277,On a Tiger's Trail,Geetika Jain,H/E,50,28p,10+,,image_194.png
196,9788123720029,Once Upon a Time - I,M Choksi,H/E,40,64p,12+,http://books.google.com/books/content?id=-YDvZwEACAAJ&printsec=frontcover&img=1&zoom=1&source=gbs_api,image_195.png
197,9788123720036,Once Upon a Time - II,M Choksi,H/E,40,64p,12+,,image_196.png
198,9788123727974,One Day…..,Jagdish Joshi,H/E,80,32p,6+,http://books.google.com/books/content?id=4TRdAgAAQBAJ&printsec=frontcover&img=1&zoom=1&edge=curl&source=gbs_api,image_197.png
199,9789357433983,One Night,Cheryl Rao,H/E,80,24p,6+,http://books.google.com/books/content?id=wm0fEI92y4AC&printsec=frontcover&img=1&zoom=1&source=gbs_api,image_198.png
200,9788123711041,our Body: A Wonderful Machine,Ramesh Bijlani,H/E,60,32p,8+,http://books.google.com/books/content?id=DMfaDwAAQBAJ&printsec=frontcover&img=1&zoom=1&edge=curl&source=gbs_api,image_199.png
201,9788123792453,Our Home Our Hearth,Anita Bhatnagar Jain,H/E,85,44p,12+,http://books.google.com/books/content?id=4DlcAAAAcAAJ&printsec=frontcover&img=1&zoom=1&edge=curl&source=gbs_api,image_200.png
202,9788123710969,Our Tree,Pranab Chakravarti,H/E,40,16p,Pre-School,http://books.google.com/books/content?id=bLBdDwAAQBAJ&printsec=frontcover&img=1&zoom=1&source=gbs_api,image_201.png
203,9788123711102,Our Useful Plants,K S Sekharam,H/E,100,36p,8+,http://books.google.com/books/content?id=eT7euotAEUgC&printsec=frontcover&img=1&zoom=1&edge=curl&source=gbs_api,image_202.png
204,9788123754406,Owl Ball,Francesca Xotta,H/E,80,24p,6+,http://books.google.com/books/content?id=1w2GzQEACAAJ&printsec=frontcover&img=1&zoom=1&source=gbs_api,image_203.png
205,9788123743288,Pappu's Problem,Shashiprabha Das,H/E,50,48p,10+,http://books.google.com/books/content?id=oYZ-0PUrjBcC&printsec=frontcover&img=1&zoom=1&edge=curl&source=gbs_api,image_204.png
206,9788123720524,Patterns from Nature,Judhajit Sengupta,H/E,35,12p,6+,http://books.google.com/books/content?id=hm70CwAAQBAJ&printsec=frontcover&img=1&zoom=1&edge=curl&source=gbs_api,image_205.png
207,9788123744452,Plying Together,Bharat Bhushan Aggarwal,H/E,60,96p,12+,http://books.google.com/books/content?id=qvzdL2BfMngC&printsec=frontcover&img=1&zoom=1&edge=curl&source=gbs_api,image_206.png
208,9788123710808,Pollution,N Seshagiri,H/E,65,64p,12+,http://books.google.com/books/content?id=bd8UxaeRFmgC&printsec=frontcover&img=1&zoom=1&edge=curl&source=gbs_api,image_207.png
209,9788123701684,Premchand,Amrit Rai,H/E,18,48p,12,http://books.google.com/books/content?id=cYs-DwAAQBAJ&printsec=frontcover&img=1&zoom=1&edge=curl&source=gbs_api,image_208.png
210,9788123714981,Procession 1 to 10,Mickey Patel,H/E,40,16p,Pre-School,,image_209.png
211,9788123767284,Punti's Wedding,Dipanwita Roy,H/E,70,32p,8+,,image_210.png
212,9788123707693,Quakes and Flames,Ruskin Bond,H/E,40,52p,12+,,image_211.png
213,9788123771830,Rahul and the Dream Bat,Ken Spillman,H/E,70,20p,8+,,image_212.png
214,9788123745381,Raju and Jimmi,Bandita Phukan,H/E,55,40p,8+,http://books.google.com/books/content?id=adrgAAAAMAAJ&printsec=frontcover&img=1&zoom=1&source=gbs_api,image_213.png
215,9788123749174,Ramu and the Robot,Arun Sedwal,H/E,80,32p,8+,,image_214.png
216,9789357430407,"Rangili, Tikki and Gullu",Renu Saini,H/E,65,24p,6+,http://books.google.com/books/content?id=hX1nxrRZqT0C&printsec=frontcover&img=1&zoom=1&source=gbs_api,image_215.png
217,9788123762487,Ravan,Anjani Sharma,H/E,50,16p,8+,http://books.google.com/books/content?id=u8gVAAAAYAAJ&printsec=frontcover&img=1&zoom=1&edge=curl&source=gbs_api,image_216.png
218,9788123767512,Ravan Remedy,Suddhasattwa Basu,H/E,50,24p,6+,http://books.google.com/books/content?id=u8gVAAAAYAAJ&printsec=frontcover&img=1&zoom=1&edge=curl&source=gbs_api,image_217.png
219,9788123763750,Red and Blue Pencils: The Same But Not the Same,ICLC,H/E,50,16p,6+,,image_218.png
220,9788123720500,Red Kite,Geeta Dharmarajan,H/E,35,24p,6+,http://books.google.com/books/content?id=-y_VDAAAQBAJ&printsec=frontcover&img=1&zoom=1&source=gbs_api,image_219.png
221,9788123765945,Rescue,Baldev Singh,H/E,80,32p,8+,http://books.google.com/books/content?id=xznXDwAAQBAJ&printsec=frontcover&img=1&zoom=1&edge=curl&source=gbs_api,image_220.png
222,9788123757247,Rintu and His Compass,Abhijit Sengupta,H/E,45,20p,8+,,image_221.png
223,9788123760131,Ripe and Ready,Sukumar Ray,H/E,65,24p,8+,,image_222.png
224,9788123729398,Rohanta and Nandriya,Krishna Chaitanya,H/E,55,64p,12+,,image_223.png
225,9788123701592,Rupa the Elephant,Mickey Patel,H/E,60,32p,6+,,image_224.png
226,9788123796130,Sana,Ramendra Kumar,H/E,75,104p,12+,http://books.google.com/books/content?id=VhGtEAAAQBAJ&printsec=frontcover&img=1&zoom=1&edge=curl&source=gbs_api,image_225.png
227,9788123765433,Samay and Snail,Roopam Carroll,H/E,50,16p,6+,,image_226.png
228,9788123736570,Science and You,P J Lavakare,H/E,135,128p,12+,http://books.google.com/books/content?id=MeaMDwAAQBAJ&printsec=frontcover&img=1&zoom=1&edge=curl&source=gbs_api,image_227.png
229,9788123715216,Search,Jagdish Joshi,H/E,35,16p,Pre-School,http://books.google.com/books/content?id=w7wwBQAAQBAJ&printsec=frontcover&img=1&zoom=1&edge=curl&source=gbs_api,image_228.png
230,9788123778631,Second Lieutenant Arun Khetrapal,Gourav C Sawant,H/E,65,24p,10+,http://books.google.com/books/content?id=gSVTEAAAQBAJ&printsec=frontcover&img=1&zoom=1&edge=curl&source=gbs_api,image_229.png
231,9788123708614,Set Me Free,Ashish Sengupta,H/E,40,16p,Pre-School,http://books.google.com/books/content?id=rIZTEAAAQBAJ&printsec=frontcover&img=1&zoom=1&edge=curl&source=gbs_api,image_230.png
232,9788123778891,Seven Stairs to Sun,Dipanwita Roy,H/E,80,24p,8+,,image_231.png
233,9788123763651,Sheebu- the Sheep,Neetu Sharma,H/E,35,12p,8+,,image_232.png
234,978812378001X,Sheela and Leela,Neetu Sharma,H/E,60,20p,6+,,image_233.png
235,9788123741925,Shera and Mithu,Manorama Jafa,H/E,60,16p,8+,http://books.google.com/books/content?id=atDnzgEACAAJ&printsec=frontcover&img=1&zoom=1&source=gbs_api,image_234.png
236,9788123710952,Snake Trouble,Ruskin Bond,H/E,30,32p,8+,,image_235.png
237,9788123770086,So Many Smiles,Manoj Das,H/E,80,44p,10+,http://books.google.com/books/content?id=k3EOrgEACAAJ&printsec=frontcover&img=1&zoom=1&source=gbs_api,image_236.png
238,9788123702506,Some Indian Saints,Gopinath Talwalkar,H/E,40,64p,12+,,image_237.png
239,9788123710990,Some Street Games of India,Mulk Raj Anand,H/E,50,32p,6+,,image_238.png
240,9788123725253,Something Special,Geetika Jain,H/E,50,16p,10+,http://books.google.com/books/content?id=nqVDswEACAAJ&printsec=frontcover&img=1&zoom=1&source=gbs_api,image_239.png
241,9788123711072,Sona's Adventures,Tara Tewari,H/E,45,32p,8+,,image_240.png
242,9788123758695,Sparrow's Wisdom,Suraiya Rasool,H/E,40,28p,8+,,image_241.png
243,9788123750910,Stories for Children by Jeelani Bano,Jeelani Bano,H/E,80,32p,8+,http://books.google.com/books/content?id=W3117FekmfoC&printsec=frontcover&img=1&zoom=1&edge=curl&source=gbs_api,image_242.png
244,9788123787756,Stories for Children by Premchand,Hari Krishna Devsare,H/E,160,148p,12+,http://books.google.com/books/content?id=34tZzgEACAAJ&printsec=frontcover&img=1&zoom=1&source=gbs_api,image_243.png
245,9788123705088,Stories from Bapu's Life,Uma Shankar Joshi,H/E,60,32p,10+,,image_244.png
246,9788123735849,Stories of Bakor Patel,Hari Prasad Vyas,H/E,65,88p,12+,,image_245.png
247,9788123710211A,Stories of Light and Delight,Manoj Das,H/E,50,64p,12+,,image_246.png
248,9788123715261,Stories of Valour,Rajendra Awasthy,H/E,50,64p,12+,http://books.google.com/books/content?id=JbraDwAAQBAJ&printsec=frontcover&img=1&zoom=1&edge=curl&source=gbs_api,image_247.png
249,9788123776552,Story of Krishna,Manoj Das,H/E,200,168p,12+,http://books.google.com/books/content?id=LFwoDwAAQBAJ&printsec=frontcover&img=1&zoom=1&edge=curl&source=gbs_api,image_248.png
250,9788123705187,Story of Swarajya - I,Vishnu Prabhakar,H/E,55,64p,12+,,image_249.png
251,9788123715049,Story of Swarajya - II,Vishnu Prabhakar,H/E,50,64p,12+,,image_250.png
252,9788123766034,Strange Ways of the Honey Bee,S I Farooqi,H/E,65,24p,8+,http://books.google.com/books/content?id=txMkdG9G5acC&printsec=frontcover&img=1&zoom=1&edge=curl&source=gbs_api,image_251.png
253,9788123731599,Stripes in the Jungle,Geetika Jain,H/E,45,16p,8+,,image_252.png
254,9788123701103,Sunflowers and Butterflies,Jeyanthi Manokaran,H/E,50,24p,12+,,image_253.png
255,9788123787928,Sweet Colours of India,Viky Arya,H/E,80,24p,6+,http://books.google.com/books/content?id=y1l3QgAACAAJ&printsec=frontcover&img=1&zoom=1&source=gbs_api,image_254.png
256,9788123710877,Tails,Hydrose Aaluwa,H/E,45,24p,6+,http://books.google.com/books/content?id=buimo8KavZQC&printsec=frontcover&img=1&zoom=1&edge=curl&source=gbs_api,image_255.png
257,9788123752976,Tale of a Moustache,R K Murthi,H/E,45,24p,6+,,image_256.png
258,9788123720517,Tales for all Times,Santha Rungachary,H/E,50,64p,12+,,image_257.png
259,9788123771885,Tales to Make You Smile,Ruskin Bond,H/E,125,56p,12+,http://books.google.com/books/content?id=_2sNEAAAQBAJ&printsec=frontcover&img=1&zoom=1&edge=curl&source=gbs_api,image_258.png
260,9788123710754,Tansen: The Magical Musician,Ashok Davar,H/E,55,40p,8+,http://books.google.com/books/content?id=eyFQAAAAYAAJ&printsec=frontcover&img=1&zoom=1&source=gbs_api,image_259.png
261,9788123713946,The Adventures of Rusty,Ruskin Bond,H/E,60,96p,12+,http://books.google.com/books/content?id=2bk47YUlm2cC&printsec=frontcover&img=1&zoom=1&edge=curl&source=gbs_api,image_260.png
262,9788123760933,The Ascetic,Sitesh Alok,H/E,30,16p,8+,http://books.google.com/books/content?id=cZdGgpGnFA4C&printsec=frontcover&img=1&zoom=1&edge=curl&source=gbs_api,image_261.png
263,,,,H/E,,,,http://books.google.com/books/content?id=YHBujAK41_oC&printsec=frontcover&img=1&zoom=1&edge=curl&source=gbs_api,image_262.png
264,,,,H/E,,,,http://books.google.com/books/content?id=YHBujAK41_oC&printsec=frontcover&img=1&zoom=1&edge=curl&source=gbs_api,image_263.png
265,,,,H/E,,,,http://books.google.com/books/content?id=YHBujAK41_oC&printsec=frontcover&img=1&zoom=1&edge=curl&source=gbs_api,image_264.png
266,,,,H/E,,,,http://books.google.com/books/content?id=YHBujAK41_oC&printsec=frontcover&img=1&zoom=1&edge=curl&source=gbs_api,image_265.png
267,,,,H/E,,,,http://books.google.com/books/content?id=YHBujAK41_oC&printsec=frontcover&img=1&zoom=1&edge=curl&source=gbs_api,image_266.png
268,,,,H/E,,,,http://books.google.com/books/content?id=YHBujAK41_oC&printsec=frontcover&img=1&zoom=1&edge=curl&source=gbs_api,image_267.png
269,,,,H/E,,,,http://books.google.com/books/content?id=YHBujAK41_oC&printsec=frontcover&img=1&zoom=1&edge=curl&source=gbs_api,image_268.png
270,,,,H/E,,,,http://books.google.com/books/content?id=YHBujAK41_oC&printsec=frontcover&img=1&zoom=1&edge=curl&source=gbs_api,image_269.png
271,,,,H/E,,,,http://books.google.com/books/content?id=YHBujAK41_oC&printsec=frontcover&img=1&zoom=1&edge=curl&source=gbs_api,image_270.png
272,,,,H/E,,,,http://books.google.com/books/content?id=YHBujAK41_oC&printsec=frontcover&img=1&zoom=1&edge=curl&source=gbs_api,image_271.png
273,,,,H/E,,,,http://books.google.com/books/content?id=YHBujAK41_oC&printsec=frontcover&img=1&zoom=1&edge=curl&source=gbs_api,image_272.png
274,,,,H/E,,,,http://books.google.com/books/content?id=YHBujAK41_oC&printsec=frontcover&img=1&zoom=1&edge=curl&source=gbs_api,image_273.png
275,,,,H/E,,,,http://books.google.com/books/content?id=YHBujAK41_oC&printsec=frontcover&img=1&zoom=1&edge=curl&source=gbs_api,image_274.png
276,,,,H/E,,,,http://books.google.com/books/content?id=YHBujAK41_oC&printsec=frontcover&img=1&zoom=1&edge=curl&source=gbs_api,image_275.png
277,,,,H/E,,,,http://books.google.com/books/content?id=YHBujAK41_oC&printsec=frontcover&img=1&zoom=1&edge=curl&source=gbs_api,image_276.png
278,,,,H/E,,,,http://books.google.com/books/content?id=YHBujAK41_oC&printsec=frontcover&img=1&zoom=1&edge=curl&source=gbs_api,image_277.png
279,,,,H/E,,,,http://books.google.com/books/content?id=YHBujAK41_oC&printsec=frontcover&img=1&zoom=1&edge=curl&source=gbs_api,image_278.png
280,,,,H/E,,,,http://books.google.com/books/content?id=YHBujAK41_oC&printsec=frontcover&img=1&zoom=1&edge=curl&source=gbs_api,image_279.png
281,,,,H/E,,,,http://books.google.com/books/content?id=YHBujAK41_oC&printsec=frontcover&img=1&zoom=1&edge=curl&source=gbs_api,image_280.png
282,,,,H/E,,,,http://books.google.com/books/content?id=YHBujAK41_oC&printsec=frontcover&img=1&zoom=1&edge=curl&source=gbs_api,image_281.png
283,,,,H/E,,,,http://books.google.com/books/content?id=YHBujAK41_oC&printsec=frontcover&img=1&zoom=1&edge=curl&source=gbs_api,image_282.png
284,,,,H/E,,,,http://books.google.com/books/content?id=YHBujAK41_oC&printsec=frontcover&img=1&zoom=1&edge=curl&source=gbs_api,image_283.png
285,,,,H/E,,,,http://books.google.com/books/content?id=YHBujAK41_oC&printsec=frontcover&img=1&zoom=1&edge=curl&source=gbs_api,image_284.png
286,,,,H/E,,,,http://books.google.com/books/content?id=YHBujAK41_oC&printsec=frontcover&img=1&zoom=1&edge=curl&source=gbs_api,image_285.png
287,,,,H/E,,,,http://books.google.com/books/content?id=YHBujAK41_oC&printsec=frontcover&img=1&zoom=1&edge=curl&source=gbs_api,image_286.png
288,,,,H/E,,,,http://books.google.com/books/content?id=YHBujAK41_oC&printsec=frontcover&img=1&zoom=1&edge=curl&source=gbs_api,image_287.png
289,,,,H/E,,,,http://books.google.com/books/content?id=YHBujAK41_oC&printsec=frontcover&img=1&zoom=1&edge=curl&source=gbs_api,image_288.png
290,,,,H/E,,,,http://books.google.com/books/content?id=YHBujAK41_oC&printsec=frontcover&img=1&zoom=1&edge=curl&source=gbs_api,image_289.png
291,,,,H/E,,,,http://books.google.com/books/content?id=YHBujAK41_oC&printsec=frontcover&img=1&zoom=1&edge=curl&source=gbs_api,image_290.png
292,,,,H/E,,,,http://books.google.com/books/content?id=YHBujAK41_oC&printsec=frontcover&img=1&zoom=1&edge=curl&source=gbs_api,image_291.png
293,,,,H/E,,,,http://books.google.com/books/content?id=YHBujAK41_oC&printsec=frontcover&img=1&zoom=1&edge=curl&source=gbs_api,image_292.png
294,,,,H/E,,,,http://books.google.com/books/content?id=YHBujAK41_oC&printsec=frontcover&img=1&zoom=1&edge=curl&source=gbs_api,image_293.png
295,,,,H/E,,,,http://books.google.com/books/content?id=YHBujAK41_oC&printsec=frontcover&img=1&zoom=1&edge=curl&source=gbs_api,image_294.png
296,,,,H/E,,,,http://books.google.com/books/content?id=YHBujAK41_oC&printsec=frontcover&img=1&zoom=1&edge=curl&source=gbs_api,image_295.png
297,,,,H/E,,,,http://books.google.com/books/content?id=YHBujAK41_oC&printsec=frontcover&img=1&zoom=1&edge=curl&source=gbs_api,image_296.png
298,,,,H/E,,,,http://books.google.com/books/content?id=YHBujAK41_oC&printsec=frontcover&img=1&zoom=1&edge=curl&source=gbs_api,image_297.png
299,,,,H/E,,,,http://books.google.com/books/content?id=YHBujAK41_oC&printsec=frontcover&img=1&zoom=1&edge=curl&source=gbs_api,image_298.png
300,,,,H/E,,,,http://books.google.com/books/content?id=YHBujAK41_oC&printsec=frontcover&img=1&zoom=1&edge=curl&source=gbs_api,image_299.png
301,,,,H/E,,,,http://books.google.com/books/content?id=YHBujAK41_oC&printsec=frontcover&img=1&zoom=1&edge=curl&source=gbs_api,image_300.png
302,,,,H/E,,,,http://books.google.com/books/content?id=YHBujAK41_oC&printsec=frontcover&img=1&zoom=1&edge=curl&source=gbs_api,image_301.png
303,,,,H/E,,,,http://books.google.com/books/content?id=YHBujAK41_oC&printsec=frontcover&img=1&zoom=1&edge=curl&source=gbs_api,image_302.png
304,,,,H/E,,,,http://books.google.com/books/content?id=YHBujAK41_oC&printsec=frontcover&img=1&zoom=1&edge=curl&source=gbs_api,image_303.png
305,,,,H/E,,,,http://books.google.com/books/content?id=YHBujAK41_oC&printsec=frontcover&img=1&zoom=1&edge=curl&source=gbs_api,image_304.png
306,,,,H/E,,,,http://books.google.com/books/content?id=YHBujAK41_oC&printsec=frontcover&img=1&zoom=1&edge=curl&source=gbs_api,image_305.png
307,,,,H/E,,,,http://books.google.com/books/content?id=YHBujAK41_oC&printsec=frontcover&img=1&zoom=1&edge=curl&source=gbs_api,image_306.png
308,,,,H/E,,,,http://books.google.com/books/content?id=YHBujAK41_oC&printsec=frontcover&img=1&zoom=1&edge=curl&source=gbs_api,image_307.png
309,,,,H/E,,,,http://books.google.com/books/content?id=YHBujAK41_oC&printsec=frontcover&img=1&zoom=1&edge=curl&source=gbs_api,image_308.png
310,,,,H/E,,,,http://books.google.com/books/content?id=YHBujAK41_oC&printsec=frontcover&img=1&zoom=1&edge=curl&source=gbs_api,image_309.png
311,,,,H/E,,,,http://books.google.com/books/content?id=YHBujAK41_oC&printsec=frontcover&img=1&zoom=1&edge=curl&source=gbs_api,image_310.png
312,,,,H/E,,,,http://books.google.com/books/content?id=YHBujAK41_oC&printsec=frontcover&img=1&zoom=1&edge=curl&source=gbs_api,image_311.png
313,,,,H/E,,,,http://books.google.com/books/content?id=YHBujAK41_oC&printsec=frontcover&img=1&zoom=1&edge=curl&source=gbs_api,image_312.png
314,,,,H/E,,,,http://books.google.com/books/content?id=YHBujAK41_oC&printsec=frontcover&img=1&zoom=1&edge=curl&source=gbs_api,image_313.png
315,,,,H/E,,,,http://books.google.com/books/content?id=YHBujAK41_oC&printsec=frontcover&img=1&zoom=1&edge=curl&source=gbs_api,image_314.png
316,,,,H/E,,,,http://books.google.com/books/content?id=YHBujAK41_oC&printsec=frontcover&img=1&zoom=1&edge=curl&source=gbs_api,image_315.png
317,,,,H/E,,,,http://books.google.com/books/content?id=YHBujAK41_oC&printsec=frontcover&img=1&zoom=1&edge=curl&source=gbs_api,image_316.png
318,,,,H/E,,,,http://books.google.com/books/content?id=YHBujAK41_oC&printsec=frontcover&img=1&zoom=1&edge=curl&source=gbs_api,image_317.png
319,,,,H/E,,,,http://books.google.com/books/content?id=YHBujAK41_oC&printsec=frontcover&img=1&zoom=1&edge=curl&source=gbs_api,image_318.png
320,,,,H/E,,,,http://books.google.com/books/content?id=YHBujAK41_oC&printsec=frontcover&img=1&zoom=1&edge=curl&source=gbs_api,image_319.png
321,,,,H/E,,,,http://books.google.com/books/content?id=YHBujAK41_oC&printsec=frontcover&img=1&zoom=1&edge=curl&source=gbs_api,image_320.png
322,,,,H/E,,,,http://books.google.com/books/content?id=YHBujAK41_oC&printsec=frontcover&img=1&zoom=1&edge=curl&source=gbs_api,image_321.png
323,,,,H/E,,,,http://books.google.com/books/content?id=YHBujAK41_oC&printsec=frontcover&img=1&zoom=1&edge=curl&source=gbs_api,image_322.png
324,,,,H/E,,,,http://books.google.com/books/content?id=YHBujAK41_oC&printsec=frontcover&img=1&zoom=1&edge=curl&source=gbs_api,image_323.png
325,,,,H/E,,,,http://books.google.com/books/content?id=YHBujAK41_oC&printsec=frontcover&img=1&zoom=1&edge=curl&source=gbs_api,image_324.png
326,,,,H/E,,,,http://books.google.com/books/content?id=YHBujAK41_oC&printsec=frontcover&img=1&zoom=1&edge=curl&source=gbs_api,image_325.png
327,,,,H/E,,,,http://books.google.com/books/content?id=YHBujAK41_oC&printsec=frontcover&img=1&zoom=1&edge=curl&source=gbs_api,image_326.png
328,,,,H/E,,,,http://books.google.com/books/content?id=YHBujAK41_oC&printsec=frontcover&img=1&zoom=1&edge=curl&source=gbs_api,image_327.png
329,,,,H/E,,,,http://books.google.com/books/content?id=YHBujAK41_oC&printsec=frontcover&img=1&zoom=1&edge=curl&source=gbs_api,image_328.png
330,,,,H/E,,,,http://books.google.com/books/content?id=YHBujAK41_oC&printsec=frontcover&img=1&zoom=1&edge=curl&source=gbs_api,image_329.png
331,,,,H/E,,,,http://books.google.com/books/content?id=YHBujAK41_oC&printsec=frontcover&img=1&zoom=1&edge=curl&source=gbs_api,image_330.png
332,,,,H/E,,,,http://books.google.com/books/content?id=YHBujAK41_oC&printsec=frontcover&img=1&zoom=1&edge=curl&source=gbs_api,image_331.png
333,,,,H/E,,,,http://books.google.com/books/content?id=YHBujAK41_oC&printsec=frontcover&img=1&zoom=1&edge=curl&source=gbs_api,image_332.png
334,,,,H/E,,,,http://books.google.com/books/content?id=YHBujAK41_oC&printsec=frontcover&img=1&zoom=1&edge=curl&source=gbs_api,image_333.png
335,,,,H/E,,,,http://books.google.com/books/content?id=YHBujAK41_oC&printsec=frontcover&img=1&zoom=1&edge=curl&source=gbs_api,image_334.png
336,,,,H/E,,,,http://books.google.com/books/content?id=YHBujAK41_oC&printsec=frontcover&img=1&zoom=1&edge=curl&source=gbs_api,image_335.png
337,,,,H/E,,,,http://books.google.com/books/content?id=YHBujAK41_oC&printsec=frontcover&img=1&zoom=1&edge=curl&source=gbs_api,image_336.png
338,,,,H/E,,,,http://books.google.com/books/content?id=YHBujAK41_oC&printsec=frontcover&img=1&zoom=1&edge=curl&source=gbs_api,image_337.png
339,,,,H/E,,,,http://books.google.com/books/content?id=YHBujAK41_oC&printsec=frontcover&img=1&zoom=1&edge=curl&source=gbs_api,image_338.png
340,,,,H/E,,,,http://books.google.com/books/content?id=YHBujAK41_oC&printsec=frontcover&img=1&zoom=1&edge=curl&source=gbs_api,image_339.png
341,,,,H/E,,,,http://books.google.com/books/content?id=YHBujAK41_oC&printsec=frontcover&img=1&zoom=1&edge=curl&source=gbs_api,image_340.png
342,,,,H/E,,,,http://books.google.com/books/content?id=YHBujAK41_oC&printsec=frontcover&img=1&zoom=1&edge=curl&source=gbs_api,image_341.png
343,,,,H/E,,,,http://books.google.com/books/content?id=YHBujAK41_oC&printsec=frontcover&img=1&zoom=1&edge=curl&source=gbs_api,image_342.png
344,,,,H/E,,,,http://books.google.com/books/content?id=YHBujAK41_oC&printsec=frontcover&img=1&zoom=1&edge=curl&source=gbs_api,image_343.png
345,,,,H/E,,,,http://books.google.com/books/content?id=YHBujAK41_oC&printsec=frontcover&img=1&zoom=1&edge=curl&source=gbs_api,image_344.png
346,,,,H/E,,,,http://books.google.com/books/content?id=YHBujAK41_oC&printsec=frontcover&img=1&zoom=1&edge=curl&source=gbs_api,image_345.png
347,,,,H/E,,,,http://books.google.com/books/content?id=YHBujAK41_oC&printsec=frontcover&img=1&zoom=1&edge=curl&source=gbs_api,image_346.png
348,,,,H/E,,,,http://books.google.com/books/content?id=YHBujAK41_oC&printsec=frontcover&img=1&zoom=1&edge=curl&source=gbs_api,image_347.png
349,,,,H/E,,,,http://books.google.com/books/content?id=YHBujAK41_oC&printsec=frontcover&img=1&zoom=1&edge=curl&source=gbs_api,image_348.png
350,,,,H/E,,,,http://books.google.com/books/content?id=YHBujAK41_oC&printsec=frontcover&img=1&zoom=1&edge=curl&source=gbs_api,image_349.png
351,,,,H/E,,,,http://books.google.com/books/content?id=YHBujAK41_oC&printsec=frontcover&img=1&zoom=1&edge=curl&source=gbs_api,image_350.png
352,,,,H/E,,,,http://books.google.com/books/content?id=YHBujAK41_oC&printsec=frontcover&img=1&zoom=1&edge=curl&source=gbs_api,image_351.png
353,,,,H/E,,,,http://books.google.com/books/content?id=YHBujAK41_oC&printsec=frontcover&img=1&zoom=1&edge=curl&source=gbs_api,image_352.png
354,,,,H/E,,,,http://books.google.com/books/content?id=YHBujAK41_oC&printsec=frontcover&img=1&zoom=1&edge=curl&source=gbs_api,image_353.png
355,,,,H/E,,,,http://books.google.com/books/content?id=YHBujAK41_oC&printsec=frontcover&img=1&zoom=1&edge=curl&source=gbs_api,image_354.png
356,,,,H/E,,,,http://books.google.com/books/content?id=YHBujAK41_oC&printsec=frontcover&img=1&zoom=1&edge=curl&source=gbs_api,image_355.png
357,,,,H/E,,,,http://books.google.com/books/content?id=YHBujAK41_oC&printsec=frontcover&img=1&zoom=1&edge=curl&source=gbs_api,image_356.png
358,,,,H/E,,,,http://books.google.com/books/content?id=YHBujAK41_oC&printsec=frontcover&img=1&zoom=1&edge=curl&source=gbs_api,image_357.png
359,,,,H/E,,,,http://books.google.com/books/content?id=YHBujAK41_oC&printsec=frontcover&img=1&zoom=1&edge=curl&source=gbs_api,image_358.png
360,,,,H/E,,,,http://books.google.com/books/content?id=YHBujAK41_oC&printsec=frontcover&img=1&zoom=1&edge=curl&source=gbs_api,image_359.png
361,,,,H/E,,,,http://books.google.com/books/content?id=YHBujAK41_oC&printsec=frontcover&img=1&zoom=1&edge=curl&source=gbs_api,image_360.png
362,,,,H/E,,,,http://books.google.com/books/content?id=YHBujAK41_oC&printsec=frontcover&img=1&zoom=1&edge=curl&source=gbs_api,image_361.png
363,,,,H/E,,,,http://books.google.com/books/content?id=YHBujAK41_oC&printsec=frontcover&img=1&zoom=1&edge=curl&source=gbs_api,image_362.png
364,,,,H/E,,,,http://books.google.com/books/content?id=YHBujAK41_oC&printsec=frontcover&img=1&zoom=1&edge=curl&source=gbs_api,image_363.png
365,,,,H/E,,,,http://books.google.com/books/content?id=YHBujAK41_oC&printsec=frontcover&img=1&zoom=1&edge=curl&source=gbs_api,image_364.png
366,,,,H/E,,,,http://books.google.com/books/content?id=YHBujAK41_oC&printsec=frontcover&img=1&zoom=1&edge=curl&source=gbs_api,image_365.png
367,,,,H/E,,,,http://books.google.com/books/content?id=YHBujAK41_oC&printsec=frontcover&img=1&zoom=1&edge=curl&source=gbs_api,image_366.png
368,,,,H/E,,,,http://books.google.com/books/content?id=YHBujAK41_oC&printsec=frontcover&img=1&zoom=1&edge=curl&source=gbs_api,image_367.png
369,,,,H/E,,,,http://books.google.com/books/content?id=YHBujAK41_oC&printsec=frontcover&img=1&zoom=1&edge=curl&source=gbs_api,image_368.png
370,,,,H/E,,,,http://books.google.com/books/content?id=YHBujAK41_oC&printsec=frontcover&img=1&zoom=1&edge=curl&source=gbs_api,image_369.png
371,,,,H/E,,,,http://books.google.com/books/content?id=YHBujAK41_oC&printsec=frontcover&img=1&zoom=1&edge=curl&source=gbs_api,image_370.png
372,,,,H/E,,,,http://books.google.com/books/content?id=YHBujAK41_oC&printsec=frontcover&img=1&zoom=1&edge=curl&source=gbs_api,image_371.png
373,,,,H/E,,,,http://books.google.com/books/content?id=YHBujAK41_oC&printsec=frontcover&img=1&zoom=1&edge=curl&source=gbs_api,image_372.png
374,,,,H/E,,,,http://books.google.com/books/content?id=YHBujAK41_oC&printsec=frontcover&img=1&zoom=1&edge=curl&source=gbs_api,image_373.png
375,,,,H/E,,,,http://books.google.com/books/content?id=YHBujAK41_oC&printsec=frontcover&img=1&zoom=1&edge=curl&source=gbs_api,image_374.png
376,,,,H/E,,,,http://books.google.com/books/content?id=YHBujAK41_oC&printsec=frontcover&img=1&zoom=1&edge=curl&source=gbs_api,image_375.png
377,,,,H/E,,,,http://books.google.com/books/content?id=YHBujAK41_oC&printsec=frontcover&img=1&zoom=1&edge=curl&source=gbs_api,image_376.png
378,,,,H/E,,,,http://books.google.com/books/content?id=YHBujAK41_oC&printsec=frontcover&img=1&zoom=1&edge=curl&source=gbs_api,image_377.png
379,,,,H/E,,,,http://books.google.com/books/content?id=YHBujAK41_oC&printsec=frontcover&img=1&zoom=1&edge=curl&source=gbs_api,image_378.png
380,,,,H/E,,,,http://books.google.com/books/content?id=YHBujAK41_oC&printsec=frontcover&img=1&zoom=1&edge=curl&source=gbs_api,image_379.png
381,,,,H/E,,,,http://books.google.com/books/content?id=YHBujAK41_oC&printsec=frontcover&img=1&zoom=1&edge=curl&source=gbs_api,image_380.png
382,,,,H/E,,,,http://books.google.com/books/content?id=YHBujAK41_oC&printsec=frontcover&img=1&zoom=1&edge=curl&source=gbs_api,image_381.png
383,,,,H/E,,,,http://books.google.com/books/content?id=YHBujAK41_oC&printsec=frontcover&img=1&zoom=1&edge=curl&source=gbs_api,image_382.png
384,,,,H/E,,,,http://books.google.com/books/content?id=YHBujAK41_oC&printsec=frontcover&img=1&zoom=1&edge=curl&source=gbs_api,image_383.png
385,,,,H/E,,,,http://books.google.com/books/content?id=YHBujAK41_oC&printsec=frontcover&img=1&zoom=1&edge=curl&source=gbs_api,image_384.png
386,,,,H/E,,,,http://books.google.com/books/content?id=YHBujAK41_oC&printsec=frontcover&img=1&zoom=1&edge=curl&source=gbs_api,image_385.png
387,,,,H/E,,,,http://books.google.com/books/content?id=YHBujAK41_oC&printsec=frontcover&img=1&zoom=1&edge=curl&source=gbs_api,image_386.png
388,,,,H/E,,,,http://books.google.com/books/content?id=YHBujAK41_oC&printsec=frontcover&img=1&zoom=1&edge=curl&source=gbs_api,image_387.png
389,,,,H/E,,,,http://books.google.com/books/content?id=YHBujAK41_oC&printsec=frontcover&img=1&zoom=1&edge=curl&source=gbs_api,image_388.png
390,,,,H/E,,,,http://books.google.com/books/content?id=YHBujAK41_oC&printsec=frontcover&img=1&zoom=1&edge=curl&source=gbs_api,image_389.png
391,,,,H/E,,,,http://books.google.com/books/content?id=YHBujAK41_oC&printsec=frontcover&img=1&zoom=1&edge=curl&source=gbs_api,image_390.png
392,,,,H/E,,,,http://books.google.com/books/content?id=YHBujAK41_oC&printsec=frontcover&img=1&zoom=1&edge=curl&source=gbs_api,image_391.png
393,,,,H/E,,,,http://books.google.com/books/content?id=YHBujAK41_oC&printsec=frontcover&img=1&zoom=1&edge=curl&source=gbs_api,image_392.png
394,,,,H/E,,,,http://books.google.com/books/content?id=YHBujAK41_oC&printsec=frontcover&img=1&zoom=1&edge=curl&source=gbs_api,image_393.png
395,,,,H/E,,,,http://books.google.com/books/content?id=YHBujAK41_oC&printsec=frontcover&img=1&zoom=1&edge=curl&source=gbs_api,image_394.png
396,,,,H/E,,,,http://books.google.com/books/content?id=YHBujAK41_oC&printsec=frontcover&img=1&zoom=1&edge=curl&source=gbs_api,image_395.png
397,,,,H/E,,,,http://books.google.com/books/content?id=YHBujAK41_oC&printsec=frontcover&img=1&zoom=1&edge=curl&source=gbs_api,image_396.png
398,,,,H/E,,,,http://books.google.com/books/content?id=YHBujAK41_oC&printsec=frontcover&img=1&zoom=1&edge=curl&source=gbs_api,image_397.png
399,,,,H/E,,,,http://books.google.com/books/content?id=YHBujAK41_oC&printsec=frontcover&img=1&zoom=1&edge=curl&source=gbs_api,image_398.png
400,,,,H/E,,,,http://books.google.com/books/content?id=YHBujAK41_oC&printsec=frontcover&img=1&zoom=1&edge=curl&source=gbs_api,image_399.png
401,,,,H/E,,,,http://books.google.com/books/content?id=YHBujAK41_oC&printsec=frontcover&img=1&zoom=1&edge=curl&source=gbs_api,image_400.png
402,,,,H/E,,,,http://books.google.com/books/content?id=YHBujAK41_oC&printsec=frontcover&img=1&zoom=1&edge=curl&source=gbs_api,image_401.png
403,,,,H/E,,,,http://books.google.com/books/content?id=YHBujAK41_oC&printsec=frontcover&img=1&zoom=1&edge=curl&source=gbs_api,image_402.png
404,,,,H/E,,,,http://books.google.com/books/content?id=YHBujAK41_oC&printsec=frontcover&img=1&zoom=1&edge=curl&source=gbs_api,image_403.png
405,,,,H/E,,,,http://books.google.com/books/content?id=YHBujAK41_oC&printsec=frontcover&img=1&zoom=1&edge=curl&source=gbs_api,image_404.png
406,,,,H/E,,,,http://books.google.com/books/content?id=YHBujAK41_oC&printsec=frontcover&img=1&zoom=1&edge=curl&source=gbs_api,image_405.png
407,,,,H/E,,,,http://books.google.com/books/content?id=YHBujAK41_oC&printsec=frontcover&img=1&zoom=1&edge=curl&source=gbs_api,image_406.png
408,,,,H/E,,,,http://books.google.com/books/content?id=YHBujAK41_oC&printsec=frontcover&img=1&zoom=1&edge=curl&source=gbs_api,image_407.png
409,,,,H/E,,,,http://books.google.com/books/content?id=YHBujAK41_oC&printsec=frontcover&img=1&zoom=1&edge=curl&source=gbs_api,image_408.png
410,,,,H/E,,,,http://books.google.com/books/content?id=YHBujAK41_oC&printsec=frontcover&img=1&zoom=1&edge=curl&source=gbs_api,image_409.png
411,,,,H/E,,,,http://books.google.com/books/content?id=YHBujAK41_oC&printsec=frontcover&img=1&zoom=1&edge=curl&source=gbs_api,image_410.png
412,,,,H/E,,,,http://books.google.com/books/content?id=YHBujAK41_oC&printsec=frontcover&img=1&zoom=1&edge=curl&source=gbs_api,image_411.png
413,,,,H/E,,,,http://books.google.com/books/content?id=YHBujAK41_oC&printsec=frontcover&img=1&zoom=1&edge=curl&source=gbs_api,image_412.png
414,,,,H/E,,,,http://books.google.com/books/content?id=YHBujAK41_oC&printsec=frontcover&img=1&zoom=1&edge=curl&source=gbs_api,image_413.png
415,,,,H/E,,,,http://books.google.com/books/content?id=YHBujAK41_oC&printsec=frontcover&img=1&zoom=1&edge=curl&source=gbs_api,image_414.png
416,,,,H/E,,,,http://books.google.com/books/content?id=YHBujAK41_oC&printsec=frontcover&img=1&zoom=1&edge=curl&source=gbs_api,image_415.png
417,,,,H/E,,,,http://books.google.com/books/content?id=YHBujAK41_oC&printsec=frontcover&img=1&zoom=1&edge=curl&source=gbs_api,image_416.png
418,,,,H/E,,,,http://books.google.com/books/content?id=YHBujAK41_oC&printsec=frontcover&img=1&zoom=1&edge=curl&source=gbs_api,image_417.png
419,,,,H/E,,,,http://books.google.com/books/content?id=YHBujAK41_oC&printsec=frontcover&img=1&zoom=1&edge=curl&source=gbs_api,image_418.png
420,,,,H/E,,,,http://books.google.com/books/content?id=YHBujAK41_oC&printsec=frontcover&img=1&zoom=1&edge=curl&source=gbs_api,image_419.png
421,,,,H/E,,,,http://books.google.com/books/content?id=YHBujAK41_oC&printsec=frontcover&img=1&zoom=1&edge=curl&source=gbs_api,image_420.png
422,,,,H/E,,,,http://books.google.com/books/content?id=YHBujAK41_oC&printsec=frontcover&img=1&zoom=1&edge=curl&source=gbs_api,image_421.png
423,,,,H/E,,,,http://books.google.com/books/content?id=YHBujAK41_oC&printsec=frontcover&img=1&zoom=1&edge=curl&source=gbs_api,image_422.png
424,,,,H/E,,,,http://books.google.com/books/content?id=YHBujAK41_oC&printsec=frontcover&img=1&zoom=1&edge=curl&source=gbs_api,image_423.png
425,,,,H/E,,,,http://books.google.com/books/content?id=YHBujAK41_oC&printsec=frontcover&img=1&zoom=1&edge=curl&source=gbs_api,image_424.png
426,,,,H/E,,,,http://books.google.com/books/content?id=YHBujAK41_oC&printsec=frontcover&img=1&zoom=1&edge=curl&source=gbs_api,image_425.png
427,,,,H/E,,,,http://books.google.com/books/content?id=YHBujAK41_oC&printsec=frontcover&img=1&zoom=1&edge=curl&source=gbs_api,image_426.png
428,,,,H/E,,,,http://books.google.com/books/content?id=YHBujAK41_oC&printsec=frontcover&img=1&zoom=1&edge=curl&source=gbs_api,image_427.png
429,,,,H/E,,,,http://books.google.com/books/content?id=YHBujAK41_oC&printsec=frontcover&img=1&zoom=1&edge=curl&source=gbs_api,image_428.png
430,,,,H/E,,,,http://books.google.com/books/content?id=YHBujAK41_oC&printsec=frontcover&img=1&zoom=1&edge=curl&source=gbs_api,image_429.png
431,,,,H/E,,,,http://books.google.com/books/content?id=YHBujAK41_oC&printsec=frontcover&img=1&zoom=1&edge=curl&source=gbs_api,image_430.png
432,,,,H/E,,,,http://books.google.com/books/content?id=YHBujAK41_oC&printsec=frontcover&img=1&zoom=1&edge=curl&source=gbs_api,image_431.png
433,,,,H/E,,,,http://books.google.com/books/content?id=YHBujAK41_oC&printsec=frontcover&img=1&zoom=1&edge=curl&source=gbs_api,image_432.png
434,,,,H/E,,,,http://books.google.com/books/content?id=YHBujAK41_oC&printsec=frontcover&img=1&zoom=1&edge=curl&source=gbs_api,image_433.png
435,,,,H/E,,,,http://books.google.com/books/content?id=YHBujAK41_oC&printsec=frontcover&img=1&zoom=1&edge=curl&source=gbs_api,image_434.png
436,,,,H/E,,,,http://books.google.com/books/content?id=YHBujAK41_oC&printsec=frontcover&img=1&zoom=1&edge=curl&source=gbs_api,image_435.png
437,,,,H/E,,,,http://books.google.com/books/content?id=YHBujAK41_oC&printsec=frontcover&img=1&zoom=1&edge=curl&source=gbs_api,image_436.png
438,,,,H/E,,,,http://books.google.com/books/content?id=YHBujAK41_oC&printsec=frontcover&img=1&zoom=1&edge=curl&source=gbs_api,image_437.png
439,,,,H/E,,,,http://books.google.com/books/content?id=YHBujAK41_oC&printsec=frontcover&img=1&zoom=1&edge=curl&source=gbs_api,image_438.png
440,,,,H/E,,,,http://books.google.com/books/content?id=YHBujAK41_oC&printsec=frontcover&img=1&zoom=1&edge=curl&source=gbs_api,image_439.png
441,,,,H/E,,,,http://books.google.com/books/content?id=YHBujAK41_oC&printsec=frontcover&img=1&zoom=1&edge=curl&source=gbs_api,image_440.png
442,,,,H/E,,,,http://books.google.com/books/content?id=YHBujAK41_oC&printsec=frontcover&img=1&zoom=1&edge=curl&source=gbs_api,image_441.png
443,,,,H/E,,,,http://books.google.com/books/content?id=YHBujAK41_oC&printsec=frontcover&img=1&zoom=1&edge=curl&source=gbs_api,image_442.png
444,,,,H/E,,,,http://books.google.com/books/content?id=YHBujAK41_oC&printsec=frontcover&img=1&zoom=1&edge=curl&source=gbs_api,image_443.png
445,,,,H/E,,,,http://books.google.com/books/content?id=YHBujAK41_oC&printsec=frontcover&img=1&zoom=1&edge=curl&source=gbs_api,image_444.png
446,,,,H/E,,,,http://books.google.com/books/content?id=YHBujAK41_oC&printsec=frontcover&img=1&zoom=1&edge=curl&source=gbs_api,image_445.png
447,,,,H/E,,,,http://books.google.com/books/content?id=YHBujAK41_oC&printsec=frontcover&img=1&zoom=1&edge=curl&source=gbs_api,image_446.png
448,,,,H/E,,,,http://books.google.com/books/content?id=YHBujAK41_oC&printsec=frontcover&img=1&zoom=1&edge=curl&source=gbs_api,image_447.png
449,,,,H/E,,,,http://books.google.com/books/content?id=YHBujAK41_oC&printsec=frontcover&img=1&zoom=1&edge=curl&source=gbs_api,image_448.png
450,,,,H/E,,,,http://books.google.com/books/content?id=YHBujAK41_oC&printsec=frontcover&img=1&zoom=1&edge=curl&source=gbs_api,image_449.png
451,,,,H/E,,,,http://books.google.com/books/content?id=YHBujAK41_oC&printsec=frontcover&img=1&zoom=1&edge=curl&source=gbs_api,image_450.png
452,,,,H/E,,,,http://books.google.com/books/content?id=YHBujAK41_oC&printsec=frontcover&img=1&zoom=1&edge=curl&source=gbs_api,image_451.png
453,,,,H/E,,,,http://books.google.com/books/content?id=YHBujAK41_oC&printsec=frontcover&img=1&zoom=1&edge=curl&source=gbs_api,image_452.png
454,,,,H/E,,,,http://books.google.com/books/content?id=YHBujAK41_oC&printsec=frontcover&img=1&zoom=1&edge=curl&source=gbs_api,image_453.png
455,,,,H/E,,,,http://books.google.com/books/content?id=YHBujAK41_oC&printsec=frontcover&img=1&zoom=1&edge=curl&source=gbs_api,image_454.png
456,,,,H/E,,,,http://books.google.com/books/content?id=YHBujAK41_oC&printsec=frontcover&img=1&zoom=1&edge=curl&source=gbs_api,image_455.png
457,,,,H/E,,,,http://books.google.com/books/content?id=YHBujAK41_oC&printsec=frontcover&img=1&zoom=1&edge=curl&source=gbs_api,image_456.png
458,,,,H/E,,,,http://books.google.com/books/content?id=YHBujAK41_oC&printsec=frontcover&img=1&zoom=1&edge=curl&source=gbs_api,image_457.png
459,,,,H/E,,,,http://books.google.com/books/content?id=YHBujAK41_oC&printsec=frontcover&img=1&zoom=1&edge=curl&source=gbs_api,image_458.png
460,,,,H/E,,,,http://books.google.com/books/content?id=YHBujAK41_oC&printsec=frontcover&img=1&zoom=1&edge=curl&source=gbs_api,image_459.png
461,,,,H/E,,,,http://books.google.com/books/content?id=YHBujAK41_oC&printsec=frontcover&img=1&zoom=1&edge=curl&source=gbs_api,image_460.png
462,,,,H/E,,,,http://books.google.com/books/content?id=YHBujAK41_oC&printsec=frontcover&img=1&zoom=1&edge=curl&source=gbs_api,image_461.png
463,,,,H/E,,,,http://books.google.com/books/content?id=YHBujAK41_oC&printsec=frontcover&img=1&zoom=1&edge=curl&source=gbs_api,image_462.png
464,,,,H/E,,,,http://books.google.com/books/content?id=YHBujAK41_oC&printsec=frontcover&img=1&zoom=1&edge=curl&source=gbs_api,image_463.png
465,,,,H/E,,,,http://books.google.com/books/content?id=YHBujAK41_oC&printsec=frontcover&img=1&zoom=1&edge=curl&source=gbs_api,image_464.png
466,,,,H/E,,,,http://books.google.com/books/content?id=YHBujAK41_oC&printsec=frontcover&img=1&zoom=1&edge=curl&source=gbs_api,image_465.png
467,,,,H/E,,,,http://books.google.com/books/content?id=YHBujAK41_oC&printsec=frontcover&img=1&zoom=1&edge=curl&source=gbs_api,image_466.png
468,,,,H/E,,,,http://books.google.com/books/content?id=YHBujAK41_oC&printsec=frontcover&img=1&zoom=1&edge=curl&source=gbs_api,image_467.png
469,,,,H/E,,,,http://books.google.com/books/content?id=YHBujAK41_oC&printsec=frontcover&img=1&zoom=1&edge=curl&source=gbs_api,image_468.png
470,,,,H/E,,,,http://books.google.com/books/content?id=YHBujAK41_oC&printsec=frontcover&img=1&zoom=1&edge=curl&source=gbs_api,image_469.png
471,,,,H/E,,,,http://books.google.com/books/content?id=YHBujAK41_oC&printsec=frontcover&img=1&zoom=1&edge=curl&source=gbs_api,image_470.png
472,,,,H/E,,,,http://books.google.com/books/content?id=YHBujAK41_oC&printsec=frontcover&img=1&zoom=1&edge=curl&source=gbs_api,image_471.png
473,,,,H/E,,,,http://books.google.com/books/content?id=YHBujAK41_oC&printsec=frontcover&img=1&zoom=1&edge=curl&source=gbs_api,image_472.png
474,,,,H/E,,,,http://books.google.com/books/content?id=YHBujAK41_oC&printsec=frontcover&img=1&zoom=1&edge=curl&source=gbs_api,image_473.png
475,,,,H/E,,,,http://books.google.com/books/content?id=YHBujAK41_oC&printsec=frontcover&img=1&zoom=1&edge=curl&source=gbs_api,image_474.png
476,,,,H/E,,,,http://books.google.com/books/content?id=YHBujAK41_oC&printsec=frontcover&img=1&zoom=1&edge=curl&source=gbs_api,image_475.png
477,,,,H/E,,,,http://books.google.com/books/content?id=YHBujAK41_oC&printsec=frontcover&img=1&zoom=1&edge=curl&source=gbs_api,image_476.png
478,,,,H/E,,,,http://books.google.com/books/content?id=YHBujAK41_oC&printsec=frontcover&img=1&zoom=1&edge=curl&source=gbs_api,image_477.png
479,,,,H/E,,,,http://books.google.com/books/content?id=YHBujAK41_oC&printsec=frontcover&img=1&zoom=1&edge=curl&source=gbs_api,image_478.png
480,,,,H/E,,,,http://books.google.com/books/content?id=YHBujAK41_oC&printsec=frontcover&img=1&zoom=1&edge=curl&source=gbs_api,image_479.png
481,,,,H/E,,,,http://books.google.com/books/content?id=YHBujAK41_oC&printsec=frontcover&img=1&zoom=1&edge=curl&source=gbs_api,image_480.png
482,,,,H/E,,,,http://books.google.com/books/content?id=YHBujAK41_oC&printsec=frontcover&img=1&zoom=1&edge=curl&source=gbs_api,image_481.png
483,,,,H/E,,,,http://books.google.com/books/content?id=YHBujAK41_oC&printsec=frontcover&img=1&zoom=1&edge=curl&source=gbs_api,image_482.png
484,,,,H/E,,,,http://books.google.com/books/content?id=YHBujAK41_oC&printsec=frontcover&img=1&zoom=1&edge=curl&source=gbs_api,image_483.png
485,,,,H/E,,,,http://books.google.com/books/content?id=YHBujAK41_oC&printsec=frontcover&img=1&zoom=1&edge=curl&source=gbs_api,image_484.png
486,,,,H/E,,,,http://books.google.com/books/content?id=YHBujAK41_oC&printsec=frontcover&img=1&zoom=1&edge=curl&source=gbs_api,image_485.png
487,,,,H/E,,,,http://books.google.com/books/content?id=YHBujAK41_oC&printsec=frontcover&img=1&zoom=1&edge=curl&source=gbs_api,image_486.png
488,,,,H/E,,,,http://books.google.com/books/content?id=YHBujAK41_oC&printsec=frontcover&img=1&zoom=1&edge=curl&source=gbs_api,image_487.png
489,,,,H/E,,,,http://books.google.com/books/content?id=YHBujAK41_oC&printsec=frontcover&img=1&zoom=1&edge=curl&source=gbs_api,image_488.png
490,,,,H/E,,,,http://books.google.com/books/content?id=YHBujAK41_oC&printsec=frontcover&img=1&zoom=1&edge=curl&source=gbs_api,image_489.png
491,,,,H/E,,,,http://books.google.com/books/content?id=YHBujAK41_oC&printsec=frontcover&img=1&zoom=1&edge=curl&source=gbs_api,image_490.png
492,,,,H/E,,,,http://books.google.com/books/content?id=YHBujAK41_oC&printsec=frontcover&img=1&zoom=1&edge=curl&source=gbs_api,image_491.png
493,,,,H/E,,,,http://books.google.com/books/content?id=YHBujAK41_oC&printsec=frontcover&img=1&zoom=1&edge=curl&source=gbs_api,image_492.png
494,,,,H/E,,,,http://books.google.com/books/content?id=YHBujAK41_oC&printsec=frontcover&img=1&zoom=1&edge=curl&source=gbs_api,image_493.png
495,,,,H/E,,,,http://books.google.com/books/content?id=YHBujAK41_oC&printsec=frontcover&img=1&zoom=1&edge=curl&source=gbs_api,image_494.png
496,,,,H/E,,,,http://books.google.com/books/content?id=YHBujAK41_oC&printsec=frontcover&img=1&zoom=1&edge=curl&source=gbs_api,image_495.png
497,,,,H/E,,,,http://books.google.com/books/content?id=YHBujAK41_oC&printsec=frontcover&img=1&zoom=1&edge=curl&source=gbs_api,image_496.png
498,,,,H/E,,,,http://books.google.com/books/content?id=YHBujAK41_oC&printsec=frontcover&img=1&zoom=1&edge=curl&source=gbs_api,image_497.png
499,,,,H/E,,,,http://books.google.com/books/content?id=YHBujAK41_oC&printsec=frontcover&img=1&zoom=1&edge=curl&source=gbs_api,image_498.png
500,,,,H/E,,,,http://books.google.com/books/content?id=YHBujAK41_oC&printsec=frontcover&img=1&zoom=1&edge=curl&source=gbs_api,image_499.png
501,,,,H/E,,,,http://books.google.com/books/content?id=YHBujAK41_oC&printsec=frontcover&img=1&zoom=1&edge=curl&source=gbs_api,image_500.png
502,,,,H/E,,,,http://books.google.com/books/content?id=YHBujAK41_oC&printsec=frontcover&img=1&zoom=1&edge=curl&source=gbs_api,image_501.png
503,,,,H/E,,,,http://books.google.com/books/content?id=YHBujAK41_oC&printsec=frontcover&img=1&zoom=1&edge=curl&source=gbs_api,image_502.png
504,,,,H/E,,,,http://books.google.com/books/content?id=YHBujAK41_oC&printsec=frontcover&img=1&zoom=1&edge=curl&source=gbs_api,image_503.png
505,,,,H/E,,,,http://books.google.com/books/content?id=YHBujAK41_oC&printsec=frontcover&img=1&zoom=1&edge=curl&source=gbs_api,image_504.png
506,,,,H/E,,,,http://books.google.com/books/content?id=YHBujAK41_oC&printsec=frontcover&img=1&zoom=1&edge=curl&source=gbs_api,image_505.png
507,,,,H/E,,,,http://books.google.com/books/content?id=YHBujAK41_oC&printsec=frontcover&img=1&zoom=1&edge=curl&source=gbs_api,image_506.png
508,,,,H/E,,,,http://books.google.com/books/content?id=YHBujAK41_oC&printsec=frontcover&img=1&zoom=1&edge=curl&source=gbs_api,image_507.png
509,,,,H/E,,,,http://books.google.com/books/content?id=YHBujAK41_oC&printsec=frontcover&img=1&zoom=1&edge=curl&source=gbs_api,image_508.png
510,,,,H/E,,,,http://books.google.com/books/content?id=YHBujAK41_oC&printsec=frontcover&img=1&zoom=1&edge=curl&source=gbs_api,image_509.png
511,,,,H/E,,,,http://books.google.com/books/content?id=YHBujAK41_oC&printsec=frontcover&img=1&zoom=1&edge=curl&source=gbs_api,image_510.png
512,,,,H/E,,,,http://books.google.com/books/content?id=YHBujAK41_oC&printsec=frontcover&img=1&zoom=1&edge=curl&source=gbs_api,image_511.png
513,,,,H/E,,,,http://books.google.com/books/content?id=YHBujAK41_oC&printsec=frontcover&img=1&zoom=1&edge=curl&source=gbs_api,image_512.png
514,,,,H/E,,,,http://books.google.com/books/content?id=YHBujAK41_oC&printsec=frontcover&img=1&zoom=1&edge=curl&source=gbs_api,image_513.png
515,,,,H/E,,,,http://books.google.com/books/content?id=YHBujAK41_oC&printsec=frontcover&img=1&zoom=1&edge=curl&source=gbs_api,image_514.png
516,,,,H/E,,,,http://books.google.com/books/content?id=YHBujAK41_oC&printsec=frontcover&img=1&zoom=1&edge=curl&source=gbs_api,image_515.png
517,,,,H/E,,,,http://books.google.com/books/content?id=YHBujAK41_oC&printsec=frontcover&img=1&zoom=1&edge=curl&source=gbs_api,image_516.png
518,,,,H/E,,,,http://books.google.com/books/content?id=YHBujAK41_oC&printsec=frontcover&img=1&zoom=1&edge=curl&source=gbs_api,image_517.png
519,,,,H/E,,,,http://books.google.com/books/content?id=YHBujAK41_oC&printsec=frontcover&img=1&zoom=1&edge=curl&source=gbs_api,image_518.png
520,,,,H/E,,,,http://books.google.com/books/content?id=YHBujAK41_oC&printsec=frontcover&img=1&zoom=1&edge=curl&source=gbs_api,image_519.png
521,,,,H/E,,,,http://books.google.com/books/content?id=YHBujAK41_oC&printsec=frontcover&img=1&zoom=1&edge=curl&source=gbs_api,image_520.png
522,,,,H/E,,,,http://books.google.com/books/content?id=YHBujAK41_oC&printsec=frontcover&img=1&zoom=1&edge=curl&source=gbs_api,image_521.png
523,,,,H/E,,,,http://books.google.com/books/content?id=YHBujAK41_oC&printsec=frontcover&img=1&zoom=1&edge=curl&source=gbs_api,image_522.png
524,,,,H/E,,,,http://books.google.com/books/content?id=YHBujAK41_oC&printsec=frontcover&img=1&zoom=1&edge=curl&source=gbs_api,image_523.png
525,,,,H/E,,,,http://books.google.com/books/content?id=YHBujAK41_oC&printsec=frontcover&img=1&zoom=1&edge=curl&source=gbs_api,image_524.png
526,,,,H/E,,,,http://books.google.com/books/content?id=YHBujAK41_oC&printsec=frontcover&img=1&zoom=1&edge=curl&source=gbs_api,image_525.png
527,,,,H/E,,,,http://books.google.com/books/content?id=YHBujAK41_oC&printsec=frontcover&img=1&zoom=1&edge=curl&source=gbs_api,image_526.png
528,,,,H/E,,,,http://books.google.com/books/content?id=YHBujAK41_oC&printsec=frontcover&img=1&zoom=1&edge=curl&source=gbs_api,image_527.png
529,,,,H/E,,,,http://books.google.com/books/content?id=YHBujAK41_oC&printsec=frontcover&img=1&zoom=1&edge=curl&source=gbs_api,image_528.png
530,,,,H/E,,,,http://books.google.com/books/content?id=YHBujAK41_oC&printsec=frontcover&img=1&zoom=1&edge=curl&source=gbs_api,image_529.png
531,,,,H/E,,,,http://books.google.com/books/content?id=YHBujAK41_oC&printsec=frontcover&img=1&zoom=1&edge=curl&source=gbs_api,image_530.png
532,,,,H/E,,,,http://books.google.com/books/content?id=YHBujAK41_oC&printsec=frontcover&img=1&zoom=1&edge=curl&source=gbs_api,image_531.png
533,,,,H/E,,,,http://books.google.com/books/content?id=YHBujAK41_oC&printsec=frontcover&img=1&zoom=1&edge=curl&source=gbs_api,image_532.png
534,,,,H/E,,,,http://books.google.com/books/content?id=YHBujAK41_oC&printsec=frontcover&img=1&zoom=1&edge=curl&source=gbs_api,image_533.png
535,,,,H/E,,,,http://books.google.com/books/content?id=YHBujAK41_oC&printsec=frontcover&img=1&zoom=1&edge=curl&source=gbs_api,image_534.png
536,,,,H/E,,,,http://books.google.com/books/content?id=YHBujAK41_oC&printsec=frontcover&img=1&zoom=1&edge=curl&source=gbs_api,image_535.png
537,,,,H/E,,,,http://books.google.com/books/content?id=YHBujAK41_oC&printsec=frontcover&img=1&zoom=1&edge=curl&source=gbs_api,image_536.png
538,,,,H/E,,,,http://books.google.com/books/content?id=YHBujAK41_oC&printsec=frontcover&img=1&zoom=1&edge=curl&source=gbs_api,image_537.png
539,,,,H/E,,,,http://books.google.com/books/content?id=YHBujAK41_oC&printsec=frontcover&img=1&zoom=1&edge=curl&source=gbs_api,image_538.png
540,,,,H/E,,,,http://books.google.com/books/content?id=YHBujAK41_oC&printsec=frontcover&img=1&zoom=1&edge=curl&source=gbs_api,image_539.png
541,,,,H/E,,,,http://books.google.com/books/content?id=YHBujAK41_oC&printsec=frontcover&img=1&zoom=1&edge=curl&source=gbs_api,image_540.png
542,,,,H/E,,,,http://books.google.com/books/content?id=YHBujAK41_oC&printsec=frontcover&img=1&zoom=1&edge=curl&source=gbs_api,image_541.png
543,,,,H/E,,,,http://books.google.com/books/content?id=YHBujAK41_oC&printsec=frontcover&img=1&zoom=1&edge=curl&source=gbs_api,image_542.png
544,,,,H/E,,,,http://books.google.com/books/content?id=YHBujAK41_oC&printsec=frontcover&img=1&zoom=1&edge=curl&source=gbs_api,image_543.png
545,,,,H/E,,,,http://books.google.com/books/content?id=YHBujAK41_oC&printsec=frontcover&img=1&zoom=1&edge=curl&source=gbs_api,image_544.png
546,,,,H/E,,,,http://books.google.com/books/content?id=YHBujAK41_oC&printsec=frontcover&img=1&zoom=1&edge=curl&source=gbs_api,image_545.png
547,,,,H/E,,,,http://books.google.com/books/content?id=YHBujAK41_oC&printsec=frontcover&img=1&zoom=1&edge=curl&source=gbs_api,image_546.png
548,,,,H/E,,,,http://books.google.com/books/content?id=YHBujAK41_oC&printsec=frontcover&img=1&zoom=1&edge=curl&source=gbs_api,image_547.png
549,,,,H/E,,,,http://books.google.com/books/content?id=YHBujAK41_oC&printsec=frontcover&img=1&zoom=1&edge=curl&source=gbs_api,image_548.png
550,,,,H/E,,,,http://books.google.com/books/content?id=YHBujAK41_oC&printsec=frontcover&img=1&zoom=1&edge=curl&source=gbs_api,image_549.png
551,,,,H/E,,,,http://books.google.com/books/content?id=YHBujAK41_oC&printsec=frontcover&img=1&zoom=1&edge=curl&source=gbs_api,image_550.png
552,,,,H/E,,,,http://books.google.com/books/content?id=YHBujAK41_oC&printsec=frontcover&img=1&zoom=1&edge=curl&source=gbs_api,image_551.png
553,,,,H/E,,,,http://books.google.com/books/content?id=YHBujAK41_oC&printsec=frontcover&img=1&zoom=1&edge=curl&source=gbs_api,image_552.png
554,,,,H/E,,,,http://books.google.com/books/content?id=YHBujAK41_oC&printsec=frontcover&img=1&zoom=1&edge=curl&source=gbs_api,image_553.png
555,,,,H/E,,,,http://books.google.com/books/content?id=YHBujAK41_oC&printsec=frontcover&img=1&zoom=1&edge=curl&source=gbs_api,image_554.png
556,,,,H/E,,,,http://books.google.com/books/content?id=YHBujAK41_oC&printsec=frontcover&img=1&zoom=1&edge=curl&source=gbs_api,image_555.png
557,,,,H/E,,,,http://books.google.com/books/content?id=YHBujAK41_oC&printsec=frontcover&img=1&zoom=1&edge=curl&source=gbs_api,image_556.png
558,,,,H/E,,,,http://books.google.com/books/content?id=YHBujAK41_oC&printsec=frontcover&img=1&zoom=1&edge=curl&source=gbs_api,image_557.png
559,,,,H/E,,,,http://books.google.com/books/content?id=YHBujAK41_oC&printsec=frontcover&img=1&zoom=1&edge=curl&source=gbs_api,image_558.png
560,,,,H/E,,,,http://books.google.com/books/content?id=YHBujAK41_oC&printsec=frontcover&img=1&zoom=1&edge=curl&source=gbs_api,image_559.png
561,,,,H/E,,,,http://books.google.com/books/content?id=YHBujAK41_oC&printsec=frontcover&img=1&zoom=1&edge=curl&source=gbs_api,image_560.png
562,,,,H/E,,,,http://books.google.com/books/content?id=YHBujAK41_oC&printsec=frontcover&img=1&zoom=1&edge=curl&source=gbs_api,image_561.png
563,,,,H/E,,,,http://books.google.com/books/content?id=YHBujAK41_oC&printsec=frontcover&img=1&zoom=1&edge=curl&source=gbs_api,image_562.png
564,,,,H/E,,,,http://books.google.com/books/content?id=YHBujAK41_oC&printsec=frontcover&img=1&zoom=1&edge=curl&source=gbs_api,image_563.png
565,,,,H/E,,,,http://books.google.com/books/content?id=YHBujAK41_oC&printsec=frontcover&img=1&zoom=1&edge=curl&source=gbs_api,image_564.png
566,,,,H/E,,,,http://books.google.com/books/content?id=YHBujAK41_oC&printsec=frontcover&img=1&zoom=1&edge=curl&source=gbs_api,image_565.png
567,,,,H/E,,,,http://books.google.com/books/content?id=YHBujAK41_oC&printsec=frontcover&img=1&zoom=1&edge=curl&source=gbs_api,image_566.png
,,,,H/E,,,,http://books.google.com/books/content?id=YHBujAK41_oC&printsec=frontcover&img=1&zoom=1&edge=curl&source=gbs_api,image_567.png
,,,,H/E,,,,http://books.google.com/books/content?id=YHBujAK41_oC&printsec=frontcover&img=1&zoom=1&edge=curl&source=gbs_api,image_568.png
,,,,H/E,,,,http://books.google.com/books/content?id=YHBujAK41_oC&printsec=frontcover&img=1&zoom=1&edge=curl&source=gbs_api,image_569.png
,,,,H/E,,,,http://books.google.com/books/content?id=YHBujAK41_oC&printsec=frontcover&img=1&zoom=1&edge=curl&source=gbs_api,image_570.png
,,,,H/E,,,,http://books.google.com/books/content?id=YHBujAK41_oC&printsec=frontcover&img=1&zoom=1&edge=curl&source=gbs_api,image_571.png
,,,,H/E,,,,http://books.google.com/books/content?id=YHBujAK41_oC&printsec=frontcover&img=1&zoom=1&edge=curl&source=gbs_api,image_572.png
,,,,H/E,,,,http://books.google.com/books/content?id=YHBujAK41_oC&printsec=frontcover&img=1&zoom=1&edge=curl&source=gbs_api,image_573.png
,,,,H/E,,,,http://books.google.com/books/content?id=YHBujAK41_oC&printsec=frontcover&img=1&zoom=1&edge=curl&source=gbs_api,image_574.png
,,,,H/E,,,,http://books.google.com/books/content?id=YHBujAK41_oC&printsec=frontcover&img=1&zoom=1&edge=curl&source=gbs_api,image_575.png
,,,,H/E,,,,http://books.google.com/books/content?id=YHBujAK41_oC&printsec=frontcover&img=1&zoom=1&edge=curl&source=gbs_api,image_576.png
,,,,H/E,,,,http://books.google.com/books/content?id=YHBujAK41_oC&printsec=frontcover&img=1&zoom=1&edge=curl&source=gbs_api,image_577.png
,,,,H/E,,,,http://books.google.com/books/content?id=YHBujAK41_oC&printsec=frontcover&img=1&zoom=1&edge=curl&source=gbs_api,image_578.png
,,,,H/E,,,,http://books.google.com/books/content?id=YHBujAK41_oC&printsec=frontcover&img=1&zoom=1&edge=curl&source=gbs_api,image_579.png
,,,,H/E,,,,http://books.google.com/books/content?id=YHBujAK41_oC&printsec=frontcover&img=1&zoom=1&edge=curl&source=gbs_api,image_580.png
,,,,H/E,,,,http://books.google.com/books/content?id=YHBujAK41_oC&printsec=frontcover&img=1&zoom=1&edge=curl&source=gbs_api,image_581.png
,,,,H/E,,,,http://books.google.com/books/content?id=YHBujAK41_oC&printsec=frontcover&img=1&zoom=1&edge=curl&source=gbs_api,image_582.png
,,,,H/E,,,,http://books.google.com/books/content?id=YHBujAK41_oC&printsec=frontcover&img=1&zoom=1&edge=curl&source=gbs_api,image_583.png
,,,,H/E,,,,http://books.google.com/books/content?id=YHBujAK41_oC&printsec=frontcover&img=1&zoom=1&edge=curl&source=gbs_api,image_584.png
,,,,H/E,,,,http://books.google.com/books/content?id=YHBujAK41_oC&printsec=frontcover&img=1&zoom=1&edge=curl&source=gbs_api,image_585.png
,,,,H/E,,,,http://books.google.com/books/content?id=YHBujAK41_oC&printsec=frontcover&img=1&zoom=1&edge=curl&source=gbs_api,image_586.png
,,,,H/E,,,,http://books.google.com/books/content?id=YHBujAK41_oC&printsec=frontcover&img=1&zoom=1&edge=curl&source=gbs_api,image_587.png
,,,,H/E,,,,http://books.google.com/books/content?id=YHBujAK41_oC&printsec=frontcover&img=1&zoom=1&edge=curl&source=gbs_api,image_588.png
,,,,H/E,,,,http://books.google.com/books/content?id=YHBujAK41_oC&printsec=frontcover&img=1&zoom=1&edge=curl&source=gbs_api,image_589.png
,,,,H/E,,,,http://books.google.com/books/content?id=YHBujAK41_oC&printsec=frontcover&img=1&zoom=1&edge=curl&source=gbs_api,image_590.png
,,,,H/E,,,,http://books.google.com/books/content?id=YHBujAK41_oC&printsec=frontcover&img=1&zoom=1&edge=curl&source=gbs_api,image_591.png
,,,,H/E,,,,http://books.google.com/books/content?id=YHBujAK41_oC&printsec=frontcover&img=1&zoom=1&edge=curl&source=gbs_api,image_592.png
,,,,H/E,,,,http://books.google.com/books/content?id=YHBujAK41_oC&printsec=frontcover&img=1&zoom=1&edge=curl&source=gbs_api,image_593.png
,,,,H/E,,,,http://books.google.com/books/content?id=YHBujAK41_oC&printsec=frontcover&img=1&zoom=1&edge=curl&source=gbs_api,image_594.png
,,,,H/E,,,,http://books.google.com/books/content?id=YHBujAK41_oC&printsec=frontcover&img=1&zoom=1&edge=curl&source=gbs_api,image_595.png
,,,,H/E,,,,http://books.google.com/books/content?id=YHBujAK41_oC&printsec=frontcover&img=1&zoom=1&edge=curl&source=gbs_api,image_596.png
,,,,H/E,,,,http://books.google.com/books/content?id=YHBujAK41_oC&printsec=frontcover&img=1&zoom=1&edge=curl&source=gbs_api,image_597.png
,,,,H/E,,,,http://books.google.com/books/content?id=YHBujAK41_oC&printsec=frontcover&img=1&zoom=1&edge=curl&source=gbs_api,image_598.png
,,,,H/E,,,,http://books.google.com/books/content?id=YHBujAK41_oC&printsec=frontcover&img=1&zoom=1&edge=curl&source=gbs_api,image_599.png
,,,,H/E,,,,http://books.google.com/books/content?id=YHBujAK41_oC&printsec=frontcover&img=1&zoom=1&edge=curl&source=gbs_api,image_600.png
,,,,H/E,,,,http://books.google.com/books/content?id=YHBujAK41_oC&printsec=frontcover&img=1&zoom=1&edge=curl&source=gbs_api,image_601.png
